Date,Hospital_ID,Hospital_Name,Hospital_Location,Location_Pincode,Blood_Type,Units_Demanded,Day_of_Week,is_monsoon_peak,is_major_festival
01-10-2022,MUM-H-01,KEM Hospital,Parel,400012,A+,14,Saturday,0,0
01-10-2022,MUM-H-01,KEM Hospital,Parel,400012,A-,5,Saturday,0,0
01-10-2022,MUM-H-01,KEM Hospital,Parel,400012,B+,11,Saturday,0,0
01-10-2022,MUM-H-01,KEM Hospital,Parel,400012,B-,3,Saturday,0,0
01-10-2022,MUM-H-01,KEM Hospital,Parel,400012,AB+,4,Saturday,0,0
01-10-2022,MUM-H-01,KEM Hospital,Parel,400012,AB-,1,Saturday,0,0
01-10-2022,MUM-H-01,KEM Hospital,Parel,400012,O+,22,Saturday,0,0
01-10-2022,MUM-H-01,KEM Hospital,Parel,400012,O-,9,Saturday,0,0
01-10-2022,MUM-H-02,Lilavati Hospital,Bandra,400050,A+,12,Saturday,0,0
01-10-2022,MUM-H-02,Lilavati Hospital,Bandra,400050,A-,4,Saturday,0,0
01-10-2022,MUM-H-02,Lilavati Hospital,Bandra,400050,B+,9,Saturday,0,0
01-10-2022,MUM-H-02,Lilavati Hospital,Bandra,400050,B-,2,Saturday,0,0
01-10-2022,MUM-H-02,Lilavati Hospital,Bandra,400050,AB+,3,Saturday,0,0
01-10-2022,MUM-H-02,Lilavati Hospital,Bandra,400050,AB-,1,Saturday,0,0
01-10-2022,MUM-H-02,Lilavati Hospital,Bandra,400050,O+,18,Saturday,0,0
01-10-2022,MUM-H-02,Lilavati Hospital,Bandra,400050,O-,7,Saturday,0,0
01-10-2022,MUM-H-03,Kokilaben Ambani Hospital,Andheri West,400053,A+,11,Saturday,0,0
01-10-2022,MUM-H-03,Kokilaben Ambani Hospital,Andheri West,400053,A-,3,Saturday,0,0
01-10-2022,MUM-H-03,Kokilaben Ambani Hospital,Andheri West,400053,B+,8,Saturday,0,0
01-10-2022,MUM-H-03,Kokilaben Ambani Hospital,Andheri West,400053,B-,2,Saturday,0,0
01-10-2022,MUM-H-03,Kokilaben Ambani Hospital,Andheri West,400053,AB+,3,Saturday,0,0
01-10-2022,MUM-H-03,Kokilaben Ambani Hospital,Andheri West,400053,AB-,1,Saturday,0,0
01-10-2022,MUM-H-03,Kokilaben Ambani Hospital,Andheri West,400053,O+,17,Saturday,0,0
01-10-2022,MUM-H-03,Kokilaben Ambani Hospital,Andheri West,400053,O-,6,Saturday,0,0
01-10-2022,MUM-H-04,Sion Hospital (LTMG),Sion,400022,A+,16,Saturday,0,0
01-10-2022,MUM-H-04,Sion Hospital (LTMG),Sion,400022,A-,6,Saturday,0,0
01-10-2022,MUM-H-04,Sion Hospital (LTMG),Sion,400022,B+,12,Saturday,0,0
01-10-2022,MUM-H-04,Sion Hospital (LTMG),Sion,400022,B-,3,Saturday,0,0
01-10-2022,MUM-H-04,Sion Hospital (LTMG),Sion,400022,AB+,5,Saturday,0,0
01-10-2022,MUM-H-04,Sion Hospital (LTMG),Sion,400022,AB-,2,Saturday,0,0
01-10-2022,MUM-H-04,Sion Hospital (LTMG),Sion,400022,O+,25,Saturday,0,0
01-10-2022,MUM-H-04,Sion Hospital (LTMG),Sion,400022,O-,11,Saturday,0,0
01-10-2022,MUM-H-05,Tata Memorial Hospital,Parel,400012,A+,15,Saturday,0,0
01-10-2022,MUM-H-05,Tata Memorial Hospital,Parel,400012,A-,12,Saturday,0,0
01-10-2022,MUM-H-05,Tata Memorial Hospital,Parel,400012,B+,10,Saturday,0,0
01-10-2022,MUM-H-05,Tata Memorial Hospital,Parel,400012,B-,3,Saturday,0,0
01-10-2022,MUM-H-05,Tata Memorial Hospital,Parel,400012,AB+,4,Saturday,0,0
01-10-2022,MUM-H-05,Tata Memorial Hospital,Parel,400012,AB-,1,Saturday,0,0
01-10-2022,MUM-H-05,Tata Memorial Hospital,Parel,400012,O+,24,Saturday,0,0
01-10-2022,MUM-H-05,Tata Memorial Hospital,Parel,400012,O-,10,Saturday,0,0
01-10-2022,MUM-H-06,Breach Candy Hospital,Breach Candy,400026,A+,10,Saturday,0,0
01-10-2022,MUM-H-06,Breach Candy Hospital,Breach Candy,400026,A-,3,Saturday,0,0
01-10-2022,MUM-H-06,Breach Candy Hospital,Breach Candy,400026,B+,7,Saturday,0,0
01-10-2022,MUM-H-06,Breach Candy Hospital,Breach Candy,400026,B-,2,Saturday,0,0
01-10-2022,MUM-H-06,Breach Candy Hospital,Breach Candy,400026,AB+,3,Saturday,0,0
01-10-2022,MUM-H-06,Breach Candy Hospital,Breach Candy,400026,AB-,1,Saturday,0,0
01-10-2022,MUM-H-06,Breach Candy Hospital,Breach Candy,400026,O+,15,Saturday,0,0
01-10-2022,MUM-H-06,Breach Candy Hospital,Breach Candy,400026,O-,6,Saturday,0,0
01-10-2022,MUM-H-07,Jaslok Hospital,Pedder Road,400026,A+,10,Saturday,0,0
01-10-2022,MUM-H-07,Jaslok Hospital,Pedder Road,400026,A-,3,Saturday,0,0
01-10-2022,MUM-H-07,Jaslok Hospital,Pedder Road,400026,B+,7,Saturday,0,0
01-10-2022,MUM-H-07,Jaslok Hospital,Pedder Road,400026,B-,2,Saturday,0,0
01-10-2022,MUM-H-07,Jaslok Hospital,Pedder Road,400026,AB+,3,Saturday,0,0
01-10-2022,MUM-H-07,Jaslok Hospital,Pedder Road,400026,AB-,1,Saturday,0,0
01-10-2022,MUM-H-07,Jaslok Hospital,Pedder Road,400026,O+,16,Saturday,0,0
01-10-2022,MUM-H-07,Jaslok Hospital,Pedder Road,400026,O-,6,Saturday,0,0
01-10-2022,MUM-H-08,Nanavati Max Hospital,Vile Parle,400056,A+,13,Saturday,0,0
01-10-2022,MUM-H-08,Nanavati Max Hospital,Vile Parle,400056,A-,4,Saturday,0,0
01-10-2022,MUM-H-08,Nanavati Max Hospital,Vile Parle,400056,B+,10,Saturday,0,0
01-10-2022,MUM-H-08,Nanavati Max Hospital,Vile Parle,400056,B-,3,Saturday,0,0
01-10-2022,MUM-H-08,Nanavati Max Hospital,Vile Parle,400056,AB+,4,Saturday,0,0
01-10-2022,MUM-H-08,Nanavati Max Hospital,Vile Parle,400056,AB-,1,Saturday,0,0
01-10-2022,MUM-H-08,Nanavati Max Hospital,Vile Parle,400056,O+,20,Saturday,0,0
01-10-2022,MUM-H-08,Nanavati Max Hospital,Vile Parle,400056,O-,8,Saturday,0,0
01-10-2022,MUM-H-09,Hiranandani Hospital,Powai,400076,A+,11,Saturday,0,0
01-10-2022,MUM-H-09,Hiranandani Hospital,Powai,400076,A-,3,Saturday,0,0
01-10-2022,MUM-H-09,Hiranandani Hospital,Powai,400076,B+,8,Saturday,0,0
01-10-2022,MUM-H-09,Hiranandani Hospital,Powai,400076,B-,2,Saturday,0,0
01-10-2022,MUM-H-09,Hiranandani Hospital,Powai,400076,AB+,3,Saturday,0,0
01-10-2022,MUM-H-09,Hiranandani Hospital,Powai,400076,AB-,1,Saturday,0,0
01-10-2022,MUM-H-09,Hiranandani Hospital,Powai,400076,O+,17,Saturday,0,0
01-10-2022,MUM-H-09,Hiranandani Hospital,Powai,400076,O-,6,Saturday,0,0
01-10-2022,MUM-H-10,Bombay Hospital,Marine Lines,400020,A+,13,Saturday,0,0
01-10-2022,MUM-H-10,Bombay Hospital,Marine Lines,400020,A-,4,Saturday,0,0
01-10-2022,MUM-H-10,Bombay Hospital,Marine Lines,400020,B+,10,Saturday,0,0
01-10-2022,MUM-H-10,Bombay Hospital,Marine Lines,400020,B-,3,Saturday,0,0
01-10-2022,MUM-H-10,Bombay Hospital,Marine Lines,400020,AB+,4,Saturday,0,0
01-10-2022,MUM-H-10,Bombay Hospital,Marine Lines,400020,AB-,1,Saturday,0,0
01-10-2022,MUM-H-10,Bombay Hospital,Marine Lines,400020,O+,20,Saturday,0,0
01-10-2022,MUM-H-10,Bombay Hospital,Marine Lines,400020,O-,8,Saturday,0,0
01-10-2022,MUM-H-11,Fortis Hospital, Mulund,400078,A+,12,Saturday,0,0
01-10-2022,MUM-H-11,Fortis Hospital, Mulund,400078,A-,4,Saturday,0,0
01-10-2022,MUM-H-11,Fortis Hospital, Mulund,400078,B+,9,Saturday,0,0
01-10-2022,MUM-H-11,Fortis Hospital, Mulund,400078,B-,2,Saturday,0,0
01-10-2022,MUM-H-11,Fortis Hospital, Mulund,400078,AB+,3,Saturday,0,0
01-10-2022,MUM-H-11,Fortis Hospital, Mulund,400078,AB-,1,Saturday,0,0
01-10-2022,MUM-H-11,Fortis Hospital, Mulund,400078,O+,19,Saturday,0,0
01-10-2022,MUM-H-11,Fortis Hospital, Mulund,400078,O-,7,Saturday,0,0
01-10-2022,MUM-H-12,Global Hospital, Parel,400012,A+,14,Saturday,0,0
01-10-2022,MUM-H-12,Global Hospital, Parel,400012,A-,5,Saturday,0,0
01-10-2022,MUM-H-12,Global Hospital, Parel,400012,B+,10,Saturday,0,0
01-10-2022,MUM-H-12,Global Hospital, Parel,400012,B-,3,Saturday,0,0
01-10-2022,MUM-H-12,Global Hospital, Parel,400012,AB+,4,Saturday,0,0
01-10-2022,MUM-H-12,Global Hospital, Parel,400012,AB-,1,Saturday,0,0
01-10-2022,MUM-H-12,Global Hospital, Parel,400012,O+,21,Saturday,0,0
01-10-2022,MUM-H-12,Global Hospital, Parel,400012,O-,8,Saturday,0,0
01-10-2022,MUM-H-13,Wockhardt Hospital, Mumbai Central,400008,A+,11,Saturday,0,0
01-10-2022,MUM-H-13,Wockhardt Hospital, Mumbai Central,400008,A-,3,Saturday,0,0
01-10-2022,MUM-H-13,Wockhardt Hospital, Mumbai Central,400008,B+,8,Saturday,0,0
01-10-2022,MUM-H-13,Wockhardt Hospital, Mumbai Central,400008,B-,2,Saturday,0,0
01-10-2022,MUM-H-13,Wockhardt Hospital, Mumbai Central,400008,AB+,3,Saturday,0,0
01-10-2022,MUM-H-13,Wockhardt Hospital, Mumbai Central,400008,AB-,1,Saturday,0,0
01-10-2022,MUM-H-13,Wockhardt Hospital, Mumbai Central,400008,O+,17,Saturday,0,0
01-10-2022,MUM-H-13,Wockhardt Hospital, Mumbai Central,400008,O-,6,Saturday,0,0
01-10-2022,MUM-H-14,Sir H. N. Reliance Foundation Hospital,Girgaon,400004,A+,13,Saturday,0,0
01-10-2022,MUM-H-14,Sir H. N. Reliance Foundation Hospital,Girgaon,400004,A-,4,Saturday,0,0
01-10-2022,MUM-H-14,Sir H. N. Reliance Foundation Hospital,Girgaon,400004,B+,10,Saturday,0,0
01-10-2022,MUM-H-14,Sir H. N. Reliance Foundation Hospital,Girgaon,400004,B-,3,Saturday,0,0
01-10-2022,MUM-H-14,Sir H. N. Reliance Foundation Hospital,Girgaon,400004,AB+,4,Saturday,0,0
01-10-2022,MUM-H-14,Sir H. N. Reliance Foundation Hospital,Girgaon,400004,AB-,1,Saturday,0,0
01-10-2022,MUM-H-14,Sir H. N. Reliance Foundation Hospital,Girgaon,400004,O+,20,Saturday,0,0
01-10-2022,MUM-H-14,Sir H. N. Reliance Foundation Hospital,Girgaon,400004,O-,8,Saturday,0,0
01-10-2022,MUM-H-15,Hinduja Hospital, Mahim,400016,A+,12,Saturday,0,0
01-10-2022,MUM-H-15,Hinduja Hospital, Mahim,400016,A-,4,Saturday,0,0
01-10-2022,MUM-H-15,Hinduja Hospital, Mahim,400016,B+,9,Saturday,0,0
01-10-2022,MUM-H-15,Hinduja Hospital, Mahim,400016,B-,2,Saturday,0,0
01-10-2022,MUM-H-15,Hinduja Hospital, Mahim,400016,AB+,3,Saturday,0,0
01-10-2022,MUM-H-15,Hinduja Hospital, Mahim,400016,AB-,1,Saturday,0,0
01-10-2022,MUM-H-15,Hinduja Hospital, Mahim,400016,O+,18,Saturday,0,0
01-10-2022,MUM-H-15,Hinduja Hospital, Mahim,400016,O-,7,Saturday,0,0
24-10-2022,MUM-H-01,KEM Hospital,Parel,400012,A+,20,Monday,0,1
24-10-2022,MUM-H-01,KEM Hospital,Parel,400012,O+,31,Monday,0,1
24-10-2022,MUM-H-04,Sion Hospital (LTMG),Sion,400022,O+,35,Monday,0,1
24-10-2022,MUM-H-04,Sion Hospital (LTMG),Sion,400022,O-,15,Monday,0,1
24-10-2022,MUM-H-07,Jaslok Hospital,Pedder Road,400026,A+,15,Monday,0,1
24-10-2022,MUM-H-10,Bombay Hospital,Marine Lines,400020,B+,12,Monday,0,1
05-12-2022,MUM-H-01,KEM Hospital,Parel,400012,A+,16,Monday,0,0
05-12-2022,MUM-H-01,KEM Hospital,Parel,400012,A-,6,Monday,0,0
05-12-2022,MUM-H-01,KEM Hospital,Parel,400012,B+,12,Monday,0,0
05-12-2022,MUM-H-01,KEM Hospital,Parel,400012,B-,3,Monday,0,0
05-12-2022,MUM-H-01,KEM Hospital,Parel,400012,AB+,5,Monday,0,0
05-12-2022,MUM-H-01,KEM Hospital,Parel,400012,AB-,2,Monday,0,0
05-12-2022,MUM-H-01,KEM Hospital,Parel,400012,O+,25,Monday,0,0
05-12-2022,MUM-H-01,KEM Hospital,Parel,400012,O-,11,Monday,0,0
05-12-2022,MUM-H-02,Lilavati Hospital,Bandra,400050,A+,13,Monday,0,0
05-12-2022,MUM-H-02,Lilavati Hospital,Bandra,400050,A-,4,Monday,0,0
05-12-2022,MUM-H-02,Lilavati Hospital,Bandra,400050,B+,10,Monday,0,0
05-12-2022,MUM-H-02,Lilavati Hospital,Bandra,400050,B-,3,Monday,0,0
05-12-2022,MUM-H-02,Lilavati Hospital,Bandra,400050,AB+,4,Monday,0,0
05-12-2022,MUM-H-02,Lilavati Hospital,Bandra,400050,AB-,1,Monday,0,0
05-12-2022,MUM-H-02,Lilavati Hospital,Bandra,400050,O+,20,Monday,0,0
05-12-2022,MUM-H-02,Lilavati Hospital,Bandra,400050,O-,8,Monday,0,0
05-12-2022,MUM-H-03,Kokilaben Ambani Hospital,Andheri West,400053,A+,12,Monday,0,0
05-12-2022,MUM-H-03,Kokilaben Ambani Hospital,Andheri West,400053,A-,4,Monday,0,0
05-12-2022,MUM-H-03,Kokilaben Ambani Hospital,Andheri West,400053,B+,9,Monday,0,0
05-12-2022,MUM-H-03,Kokilaben Ambani Hospital,Andheri West,400053,B-,2,Monday,0,0
05-12-2022,MUM-H-03,Kokilaben Ambani Hospital,Andheri West,400053,AB+,3,Monday,0,0
05-12-2022,MUM-H-03,Kokilaben Ambani Hospital,Andheri West,400053,AB-,1,Monday,0,0
05-12-2022,MUM-H-03,Kokilaben Ambani Hospital,Andheri West,400053,O+,18,Monday,0,0
05-12-2022,MUM-H-03,Kokilaben Ambani Hospital,Andheri West,400053,O-,7,Monday,0,0
05-12-2022,MUM-H-04,Sion Hospital (LTMG),Sion,400022,A+,18,Monday,0,0
05-12-2022,MUM-H-04,Sion Hospital (LTMG),Sion,400022,A-,6,Monday,0,0
05-12-2022,MUM-H-04,Sion Hospital (LTMG),Sion,400022,B+,13,Monday,0,0
05-12-2022,MUM-H-04,Sion Hospital (LTMG),Sion,400022,B-,4,Monday,0,0
05-12-2022,MUM-H-04,Sion Hospital (LTMG),Sion,400022,AB+,5,Monday,0,0
05-12-2022,MUM-H-04,Sion Hospital (LTMG),Sion,400022,AB-,2,Monday,0,0
05-12-2022,MUM-H-04,Sion Hospital (LTMG),Sion,400022,O+,28,Monday,0,0
05-12-2022,MUM-H-04,Sion Hospital (LTMG),Sion,400022,O-,12,Monday,0,0
05-12-2022,MUM-H-05,Tata Memorial Hospital,Parel,400012,A+,17,Monday,0,0
05-12-2022,MUM-H-05,Tata Memorial Hospital,Parel,400012,A-,13,Monday,0,0
05-12-2022,MUM-H-05,Tata Memorial Hospital,Parel,400012,B+,12,Monday,0,0
05-12-2022,MUM-H-05,Tata Memorial Hospital,Parel,400012,B-,3,Monday,0,0
05-12-2022,MUM-H-05,Tata Memorial Hospital,Parel,400012,AB+,5,Monday,0,0
05-12-2022,MUM-H-05,Tata Memorial Hospital,Parel,400012,AB-,2,Monday,0,0
05-12-2022,MUM-H-05,Tata Memorial Hospital,Parel,400012,O+,26,Monday,0,0
05-12-2022,MUM-H-05,Tata Memorial Hospital,Parel,400012,O-,11,Monday,0,0
05-12-2022,MUM-H-06,Breach Candy Hospital,Breach Candy,400026,A+,11,Monday,0,0
05-12-2022,MUM-H-06,Breach Candy Hospital,Breach Candy,400026,A-,3,Monday,0,0
05-12-2022,MUM-H-06,Breach Candy Hospital,Breach Candy,400026,B+,8,Monday,0,0
05-12-2022,MUM-H-06,Breach Candy Hospital,Breach Candy,400026,B-,2,Monday,0,0
05-12-2022,MUM-H-06,Breach Candy Hospital,Breach Candy,400026,AB+,3,Monday,0,0
05-12-2022,MUM-H-06,Breach Candy Hospital,Breach Candy,400026,AB-,1,Monday,0,0
05-12-2022,MUM-H-06,Breach Candy Hospital,Breach Candy,400026,O+,16,Monday,0,0
05-12-2022,MUM-H-06,Breach Candy Hospital,Breach Candy,400026,O-,6,Monday,0,0
05-12-2022,MUM-H-07,Jaslok Hospital,Pedder Road,400026,A+,11,Monday,0,0
05-12-2022,MUM-H-07,Jaslok Hospital,Pedder Road,400026,A-,3,Monday,0,0
05-12-2022,MUM-H-07,Jaslok Hospital,Pedder Road,400026,B+,8,Monday,0,0
05-12-2022,MUM-H-07,Jaslok Hospital,Pedder Road,400026,B-,2,Monday,0,0
05-12-2022,MUM-H-07,Jaslok Hospital,Pedder Road,400026,AB+,3,Monday,0,0
05-12-2022,MUM-H-07,Jaslok Hospital,Pedder Road,400026,AB-,1,Monday,0,0
05-12-2022,MUM-H-07,Jaslok Hospital,Pedder Road,400026,O+,17,Monday,0,0
05-12-2022,MUM-H-07,Jaslok Hospital,Pedder Road,400026,O-,7,Monday,0,0
05-12-2022,MUM-H-08,Nanavati Max Hospital,Vile Parle,400056,A+,14,Monday,0,0
05-12-2022,MUM-H-08,Nanavati Max Hospital,Vile Parle,400056,A-,5,Monday,0,0
05-12-2022,MUM-H-08,Nanavati Max Hospital,Vile Parle,400056,B+,11,Monday,0,0
05-12-2022,MUM-H-08,Nanavati Max Hospital,Vile Parle,400056,B-,3,Monday,0,0
05-12-2022,MUM-H-08,Nanavati Max Hospital,Vile Parle,400056,AB+,4,Monday,0,0
05-12-2022,MUM-H-08,Nanavati Max Hospital,Vile Parle,400056,AB-,1,Monday,0,0
05-12-2022,MUM-H-08,Nanavati Max Hospital,Vile Parle,400056,O+,22,Monday,0,0
05-12-2022,MUM-H-08,Nanavati Max Hospital,Vile Parle,400056,O-,9,Monday,0,0
05-12-2022,MUM-H-09,Hiranandani Hospital,Powai,400076,A+,12,Monday,0,0
05-12-2022,MUM-H-09,Hiranandani Hospital,Powai,400076,A-,4,Monday,0,0
05-12-2022,MUM-H-09,Hiranandani Hospital,Powai,400076,B+,9,Monday,0,0
05-12-2022,MUM-H-09,Hiranandani Hospital,Powai,400076,B-,2,Monday,0,0
05-12-2022,MUM-H-09,Hiranandani Hospital,Powai,400076,AB+,3,Monday,0,0
05-12-2022,MUM-H-09,Hiranandani Hospital,Powai,400076,AB-,1,Monday,0,0
05-12-2022,MUM-H-09,Hiranandani Hospital,Powai,400076,O+,19,Monday,0,0
05-12-2022,MUM-H-09,Hiranandani Hospital,Powai,400076,O-,7,Monday,0,0
05-12-2022,MUM-H-10,Bombay Hospital,Marine Lines,400020,A+,14,Monday,0,0
05-12-2022,MUM-H-10,Bombay Hospital,Marine Lines,400020,A-,5,Monday,0,0
05-12-2022,MUM-H-10,Bombay Hospital,Marine Lines,400020,B+,11,Monday,0,0
05-12-2022,MUM-H-10,Bombay Hospital,Marine Lines,400020,B-,3,Monday,0,0
05-12-2022,MUM-H-10,Bombay Hospital,Marine Lines,400020,AB+,4,Monday,0,0
05-12-2022,MUM-H-10,Bombay Hospital,Marine Lines,400020,AB-,1,Monday,0,0
05-12-2022,MUM-H-10,Bombay Hospital,Marine Lines,400020,O+,21,Monday,0,0
05-12-2022,MUM-H-10,Bombay Hospital,Marine Lines,400020,O-,8,Monday,0,0
05-12-2022,MUM-H-11,Fortis Hospital, Mulund,400078,A+,13,Monday,0,0
05-12-2022,MUM-H-11,Fortis Hospital, Mulund,400078,A-,4,Monday,0,0
05-12-2022,MUM-H-11,Fortis Hospital, Mulund,400078,B+,10,Monday,0,0
05-12-2022,MUM-H-11,Fortis Hospital, Mulund,400078,B-,3,Monday,0,0
05-12-2022,MUM-H-11,Fortis Hospital, Mulund,400078,AB+,4,Monday,0,0
05-12-2022,MUM-H-11,Fortis Hospital, Mulund,400078,AB-,1,Monday,0,0
05-12-2022,MUM-H-11,Fortis Hospital, Mulund,400078,O+,20,Monday,0,0
05-12-2022,MUM-H-11,Fortis Hospital, Mulund,400078,O-,8,Monday,0,0
05-12-2022,MUM-H-12,Global Hospital, Parel,400012,A+,15,Monday,0,0
05-12-2022,MUM-H-12,Global Hospital, Parel,400012,A-,5,Monday,0,0
05-12-2022,MUM-H-12,Global Hospital, Parel,400012,B+,11,Monday,0,0
05-12-2022,MUM-H-12,Global Hospital, Parel,400012,B-,3,Monday,0,0
05-12-2022,MUM-H-12,Global Hospital, Parel,400012,AB+,4,Monday,0,0
05-12-2022,MUM-H-12,Global Hospital, Parel,400012,AB-,1,Monday,0,0
05-12-2022,MUM-H-12,Global Hospital, Parel,400012,O+,23,Monday,0,0
05-12-2022,MUM-H-12,Global Hospital, Parel,400012,O-,9,Monday,0,0
05-12-2022,MUM-H-13,Wockhardt Hospital, Mumbai Central,400008,A+,12,Monday,0,0
05-12-2022,MUM-H-13,Wockhardt Hospital, Mumbai Central,400008,A-,4,Monday,0,0
05-12-2022,MUM-H-13,Wockhardt Hospital, Mumbai Central,400008,B+,9,Monday,0,0
05-12-2022,MUM-H-13,Wockhardt Hospital, Mumbai Central,400008,B-,2,Monday,0,0
05-12-2022,MUM-H-13,Wockhardt Hospital, Mumbai Central,400008,AB+,3,Monday,0,0
05-12-2022,MUM-H-13,Wockhardt Hospital, Mumbai Central,400008,AB-,1,Monday,0,0
05-12-2022,MUM-H-13,Wockhardt Hospital, Mumbai Central,400008,O+,18,Monday,0,0
05-12-2022,MUM-H-13,Wockhardt Hospital, Mumbai Central,400008,O-,7,Monday,0,0
05-12-2022,MUM-H-14,Sir H. N. Reliance Foundation Hospital,Girgaon,400004,A+,14,Monday,0,0
05-12-2022,MUM-H-14,Sir H. N. Reliance Foundation Hospital,Girgaon,400004,A-,5,Monday,0,0
2d-12-05,MUM-H-14,Sir H. N. Reliance Foundation Hospital,Girgaon,400004,B+,11,Monday,0,0
05-12-2022,MUM-H-14,Sir H. N. Reliance Foundation Hospital,Girgaon,400004,B-,3,Monday,0,0
05-12-2022,MUM-H-14,Sir H. N. Reliance Foundation Hospital,Girgaon,400004,AB+,4,Monday,0,0
05-12-2022,MUM-H-14,Sir H. N. Reliance Foundation Hospital,Girgaon,400004,AB-,1,Monday,0,0
05-12-2022,MUM-H-14,Sir H. N. Reliance Foundation Hospital,Girgaon,400004,O+,21,Monday,0,0
05-12-2022,MUM-H-14,Sir H. N. Reliance Foundation Hospital,Girgaon,400004,O-,8,Monday,0,0
05-12-2022,MUM-H-15,Hinduja Hospital, Mahim,400016,A+,13,Monday,0,0
05-12-2022,MUM-H-15,Hinduja Hospital, Mahim,400016,A-,4,Monday,0,0
05-12-2022,MUM-H-15,Hinduja Hospital, Mahim,400016,B+,10,Monday,0,0
05-12-2022,MUM-H-15,Hinduja Hospital, Mahim,400016,B-,3,Monday,0,0
05-12-2022,MUM-H-15,Hinduja Hospital, Mahim,400016,AB+,4,Monday,0,0
05-12-2022,MUM-H-15,Hinduja Hospital, Mahim,400016,AB-,1,Monday,0,0
05-12-2022,MUM-H-15,Hinduja Hospital, Mahim,400016,O+,20,Monday,0,0
05-12-2022,MUM-H-15,Hinduja Hospital, Mahim,400016,O-,8,Monday,0,0
26-01-2023,MUM-H-01,KEM Hospital,Parel,400012,O+,32,Thursday,0,1
26-01-2023,MUM-H-04,Sion Hospital (LTMG),Sion,400022,A+,21,Thursday,0,1
26-01-2023,MUM-H-12,Global Hospital,Parel,400012,O-,13,Thursday,0,1
08-03-2023,MUM-H-02,Lilavati Hospital,Bandra,400050,A+,18,Wednesday,0,1
08-03-2023,MUM-H-08,Nanavati Max Hospital,Vile Parle,400056,B+,14,Wednesday,0,1
14-04-2023,MUM-H-01,KEM Hospital,Parel,400012,A+,17,Friday,0,1
14-04-2023,MUM-H-01,KEM Hospital,Parel,400012,A-,6,Friday,0,1
14-04-2023,MUM-H-01,KEM Hospital,Parel,400012,B+,13,Friday,0,1
14-04-2023,MUM-H-01,KEM Hospital,Parel,400012,B-,4,Friday,0,1
14-04-2023,MUM-H-01,KEM Hospital,Parel,400012,AB+,5,Friday,0,1
14-04-2023,MUM-H-01,KEM Hospital,Parel,400012,AB-,2,Friday,0,1
14-04-2023,MUM-H-01,KEM Hospital,Parel,400012,O+,27,Friday,0,1
14-04-2023,MUM-H-01,KEM Hospital,Parel,400012,O-,12,Friday,0,1
14-04-2023,MUM-H-02,Lilavati Hospital,Bandra,400050,A+,14,Friday,0,1
14-04-2023,MUM-H-02,Lilavati Hospital,Bandra,400050,A-,5,Friday,0,1
14-04-2023,MUM-H-02,Lilavati Hospital,Bandra,400050,B+,11,Friday,0,1
14-04-2023,MUM-H-02,Lilavati Hospital,Bandra,400050,B-,3,Friday,0,1
14-04-2023,MUM-H-02,Lilavati Hospital,Bandra,400050,AB+,4,Friday,0,1
14-04-2023,MUM-H-02,Lilavati Hospital,Bandra,400050,AB-,1,Friday,0,1
14-04-2023,MUM-H-02,Lilavati Hospital,Bandra,400050,O+,22,Friday,0,1
14-04-2023,MUM-H-02,Lilavati Hospital,Bandra,400050,O-,9,Friday,0,1
14-04-2023,MUM-H-03,Kokilaben Ambani Hospital,Andheri West,400053,A+,13,Friday,0,1
14-04-2023,MUM-H-03,Kokilaben Ambani Hospital,Andheri West,400053,A-,4,Friday,0,1
14-04-2023,MUM-H-03,Kokilaben Ambani Hospital,Andheri West,400053,B+,10,Friday,0,1
14-04-2023,MUM-H-03,Kokilaben Ambani Hospital,Andheri West,400053,B-,3,Friday,0,1
14-04-2023,MUM-H-03,Kokilaben Ambani Hospital,Andheri West,400053,AB+,4,Friday,0,1
14-04-2023,MUM-H-03,Kokilaben Ambani Hospital,Andheri West,400053,AB-,1,Friday,0,1
14-04-2023,MUM-H-03,Kokilaben Ambani Hospital,Andheri West,400053,O+,20,Friday,0,1
14-04-2023,MUM-H-03,Kokilaben Ambani Hospital,Andheri West,400053,O-,8,Friday,0,1
14-04-2023,MUM-H-04,Sion Hospital (LTMG),Sion,400022,A+,19,Friday,0,1
14-04-2023,MUM-H-04,Sion Hospital (LTMG),Sion,400022,A-,7,Friday,0,1
14-04-2023,MUM-H-04,Sion Hospital (LTMG),Sion,400022,B+,14,Friday,0,1
14-04-2023,MUM-H-04,Sion Hospital (LTMG),Sion,400022,B-,4,Friday,0,1
14-04-2023,MUM-H-04,Sion Hospital (LTMG),Sion,400022,AB+,6,Friday,0,1
14-04-2023,MUM-H-04,Sion Hospital (LTMG),Sion,400022,AB-,2,Friday,0,1
14-04-2023,MUM-H-04,Sion Hospital (LTMG),Sion,400022,O+,30,Friday,0,1
14-04-2023,MUM-H-04,Sion Hospital (LTMG),Sion,400022,O-,13,Friday,0,1
14-04-2023,MUM-H-05,Tata Memorial Hospital,Parel,400012,A+,18,Friday,0,1
14-04-2023,MUM-H-05,Tata Memorial Hospital,Parel,400012,A-,14,Friday,0,1
14-04-2023,MUM-H-05,Tata Memorial Hospital,Parel,400012,B+,13,Friday,0,1
14-04-2023,MUM-H-05,Tata Memorial Hospital,Parel,400012,B-,4,Friday,0,1
14-04-2023,MUM-H-05,Tata Memorial Hospital,Parel,400012,AB+,5,Friday,0,1
14-04-2023,MUM-H-05,Tata Memorial Hospital,Parel,400012,AB-,2,Friday,0,1
14-04-2023,MUM-H-05,Tata Memorial Hospital,Parel,400012,O+,28,Friday,0,1
14-04-2023,MUM-H-05,Tata Memorial Hospital,Parel,400012,O-,12,Friday,0,1
14-04-2023,MUM-H-06,Breach Candy Hospital,Breach Candy,400026,A+,12,Friday,0,1
14-04-2023,MUM-H-06,Breach Candy Hospital,Breach Candy,400026,A-,4,Friday,0,1
14-04-2023,MUM-H-06,Breach Candy Hospital,Breach Candy,400026,B+,9,Friday,0,1
14-04-2023,MUM-H-06,Breach Candy Hospital,Breach Candy,400026,B-,2,Friday,0,1
14-04-2023,MUM-H-06,Breach Candy Hospital,Breach Candy,400026,AB+,3,Friday,0,1
14-04-2023,MUM-H-06,Breach Candy Hospital,Breach Candy,400026,AB-,1,Friday,0,1
14-04-2023,MUM-H-06,Breach Candy Hospital,Breach Candy,400026,O+,18,Friday,0,1
14-04-2023,MUM-H-06,Breach Candy Hospital,Breach Candy,400026,O-,7,Friday,0,1
14-04-2023,MUM-H-07,Jaslok Hospital,Pedder Road,400026,A+,12,Friday,0,1
14-04-2023,MUM-H-07,Jaslok Hospital,Pedder Road,400026,A-,4,Friday,0,1
14-04-2023,MUM-H-07,Jaslok Hospital,Pedder Road,400026,B+,9,Friday,0,1
14-04-2023,MUM-H-07,Jaslok Hospital,Pedder Road,400026,B-,2,Friday,0,1
14-04-2023,MUM-H-07,Jaslok Hospital,Pedder Road,400026,AB+,3,Friday,0,1
14-04-2023,MUM-H-07,Jaslok Hospital,Pedder Road,400026,AB-,1,Friday,0,1
14-04-2023,MUM-H-07,Jaslok Hospital,Pedder Road,400026,O+,19,Friday,0,1
14-04-2023,MUM-H-07,Jaslok Hospital,Pedder Road,400026,O-,7,Friday,0,1
14-04-2023,MUM-H-08,Nanavati Max Hospital,Vile Parle,400056,A+,15,Friday,0,1
14-04-2023,MUM-H-08,Nanavati Max Hospital,Vile Parle,400056,A-,5,Friday,0,1
14-04-2023,MUM-H-08,Nanavati Max Hospital,Vile Parle,400056,B+,12,Friday,0,1
14-04-2023,MUM-H-08,Nanavati Max Hospital,Vile Parle,400056,B-,3,Friday,0,1
14-04-2023,MUM-H-08,Nanavati Max Hospital,Vile Parle,400056,AB+,4,Friday,0,1
14-04-2023,MUM-H-08,Nanavati Max Hospital,Vile Parle,400056,AB-,1,Friday,0,1
14-04-2023,MUM-H-08,Nanavati Max Hospital,Vile Parle,400056,O+,24,Friday,0,1
14-04-2023,MUM-H-08,Nanavati Max Hospital,Vile Parle,400056,O-,10,Friday,0,1
14-04-2023,MUM-H-09,Hiranandani Hospital,Powai,400076,A+,13,Friday,0,1
14-04-2023,MUM-H-09,Hiranandani Hospital,Powai,400076,A-,4,Friday,0,1
14-04-2023,MUM-H-09,Hiranandani Hospital,Powai,400076,B+,10,Friday,0,1
14-04-2023,MUM-H-09,Hiranandani Hospital,Powai,400076,B-,3,Friday,0,1
14-04-2023,MUM-H-09,Hiranandani Hospital,Powai,400076,AB+,4,Friday,0,1
14-04-2023,MUM-H-09,Hiranandani Hospital,Powai,400076,AB-,1,Friday,0,1
14-04-2023,MUM-H-09,Hiranandani Hospital,Powai,400076,O+,21,Friday,0,1
14-04-2023,MUM-H-09,Hiranandani Hospital,Powai,400076,O-,8,Friday,0,1
14-04-2023,MUM-H-10,Bombay Hospital,Marine Lines,400020,A+,15,Friday,0,1
14-04-2023,MUM-H-10,Bombay Hospital,Marine Lines,400020,A-,5,Friday,0,1
14-04-2023,MUM-H-10,Bombay Hospital,Marine Lines,400020,B+,12,Friday,0,1
14-04-2023,MUM-H-10,Bombay Hospital,Marine Lines,400020,B-,3,Friday,0,1
14-04-2023,MUM-H-10,Bombay Hospital,Marine Lines,400020,AB+,4,Friday,0,1
14-04-2023,MUM-H-10,Bombay Hospital,Marine Lines,400020,AB-,1,Friday,0,1
14-04-2023,MUM-H-10,Bombay Hospital,Marine Lines,400020,O+,23,Friday,0,1
14-04-2023,MUM-H-10,Bombay Hospital,Marine Lines,400020,O-,9,Friday,0,1
14-04-2023,MUM-H-11,Fortis Hospital, Mulund,400078,A+,14,Friday,0,1
14-04-2023,MUM-H-11,Fortis Hospital, Mulund,400078,A-,5,Friday,0,1
14-04-2023,MUM-H-11,Fortis Hospital, Mulund,400078,B+,11,Friday,0,1
14-04-2023,MUM-H-11,Fortis Hospital, Mulund,400078,B-,3,Friday,0,1
14-04-2023,MUM-H-11,Fortis Hospital, Mulund,400078,AB+,4,Friday,0,1
14-04-2023,MUM-H-11,Fortis Hospital, Mulund,400078,AB-,1,Friday,0,1
14-04-2023,MUM-H-11,Fortis Hospital, Mulund,400078,O+,22,Friday,0,1
14-04-2023,MUM-H-11,Fortis Hospital, Mulund,400078,O-,9,Friday,0,1
14-04-2023,MUM-H-12,Global Hospital, Parel,400012,A+,16,Friday,0,1
14-04-2023,MUM-H-12,Global Hospital, Parel,400012,A-,6,Friday,0,1
14-04-2023,MUM-H-12,Global Hospital, Parel,400012,B+,12,Friday,0,1
14-04-2023,MUM-H-12,Global Hospital, Parel,400012,B-,3,Friday,0,1
14-04-2023,MUM-H-12,Global Hospital, Parel,400012,AB+,5,Friday,0,1
14-04-2023,MUM-H-12,Global Hospital, Parel,400012,AB-,2,Friday,0,1
14-04-2023,MUM-H-12,Global Hospital, Parel,400012,O+,25,Friday,0,1
14-04-2023,MUM-H-12,Global Hospital, Parel,400012,O-,10,Friday,0,1
14-04-2023,MUM-H-13,Wockhardt Hospital, Mumbai Central,400008,A+,13,Friday,0,1
14-04-2023,MUM-H-13,Wockhardt Hospital, Mumbai Central,400008,A-,4,Friday,0,1
14-04-2023,MUM-H-13,Wockhardt Hospital, Mumbai Central,400008,B+,10,Friday,0,1
14-04-2023,MUM-H-13,Wockhardt Hospital, Mumbai Central,400008,B-,3,Friday,0,1
14-04-2023,MUM-H-13,Wockhardt Hospital, Mumbai Central,400008,AB+,4,Friday,0,1
14-04-2023,MUM-H-13,Wockhardt Hospital, Mumbai Central,400008,AB-,1,Friday,0,1
14-04-2023,MUM-H-13,Wockhardt Hospital, Mumbai Central,400008,O+,20,Friday,0,1
14-04-2023,MUM-H-13,Wockhardt Hospital, Mumbai Central,400008,O-,8,Friday,0,1
14-04-2023,MUM-H-14,Sir H. N. Reliance Foundation Hospital,Girgaon,400004,A+,15,Friday,0,1
14-04-2023,MUM-H-14,Sir H. N. Reliance Foundation Hospital,Girgaon,400004,A-,5,Friday,0,1
14-04-2023,MUM-H-14,Sir H. N. Reliance Foundation Hospital,Girgaon,400004,B+,12,Friday,0,1
14-04-2023,MUM-H-14,Sir H. N. Reliance Foundation Hospital,Girgaon,400004,B-,3,Friday,0,1
14-04-2023,MUM-H-14,Sir H. N. Reliance Foundation Hospital,Girgaon,400004,AB+,4,Friday,0,1
14-04-2023,MUM-H-14,Sir H. N. Reliance Foundation Hospital,Girgaon,400004,AB-,1,Friday,0,1
14-04-2023,MUM-H-14,Sir H. N. Reliance Foundation Hospital,Girgaon,400004,O+,23,Friday,0,1
14-04-2023,MUM-H-14,Sir H. N. Reliance Foundation Hospital,Girgaon,400004,O-,9,Friday,0,1
14-04-2023,MUM-H-15,Hinduja Hospital, Mahim,400016,A+,14,Friday,0,1
14-04-2023,MUM-H-15,Hinduja Hospital, Mahim,400016,A-,5,Friday,0,1
14-04-2023,MUM-H-15,Hinduja Hospital, Mahim,400016,B+,11,Friday,0,1
14-04-2023,MUM-H-15,Hinduja Hospital, Mahim,400016,B-,3,Friday,0,1
14-04-2023,MUM-H-15,Hinduja Hospital, Mahim,400016,AB+,4,Friday,0,1
14-04-2023,MUM-H-15,Hinduja Hospital, Mahim,400016,AB-,1,Friday,0,1
14-04-2023,MUM-H-15,Hinduja Hospital, Mahim,400016,O+,21,Friday,0,1
14-04-2023,MUM-H-15,Hinduja Hospital, Mahim,400016,O-,8,Friday,0,1
29-06-2023,MUM-H-01,KEM Hospital,Parel,400012,A+,23,Thursday,1,1
29-06-2023,MUM-H-01,KEM Hospital,Parel,400012,O+,35,Thursday,1,1
29-06-2023,MUM-H-04,Sion Hospital (LTMG),Sion,400022,O-,18,Thursday,1,1
29-06-2023,MUM-H-07,Jaslok Hospital,Pedder Road,400026,A+,18,Thursday,1,1
29-06-2023,MUM-H-13,Wockhardt Hospital, Mumbai Central,400008,B+,15,Thursday,1,1
25-07-2023,MUM-H-01,KEM Hospital,Parel,400012,A+,24,Tuesday,1,0
25-07-2023,MUM-H-01,KEM Hospital,Parel,400012,A-,9,Tuesday,1,0
25-07-2023,MUM-H-01,KEM Hospital,Parel,400012,B+,18,Tuesday,1,0
25-07-2023,MUM-H-01,KEM Hospital,Parel,400012,B-,5,Tuesday,1,0
25-07-2023,MUM-H-01,KEM Hospital,Parel,400012,AB+,7,Tuesday,1,0
25-07-2023,MUM-H-01,KEM Hospital,Parel,400012,AB-,2,Tuesday,1,0
25-07-2023,MUM-H-01,KEM Hospital,Parel,400012,O+,38,Tuesday,1,0
25-07-2023,MUM-H-01,KEM Hospital,Parel,400012,O-,17,Tuesday,1,0
25-07-2023,MUM-H-02,Lilavati Hospital,Bandra,400050,A+,20,Tuesday,1,0
25-07-2023,MUM-H-02,Lilavati Hospital,Bandra,400050,A-,7,Tuesday,1,0
25-07-2023,MUM-H-02,Lilavati Hospital,Bandra,400050,B+,15,Tuesday,1,0
25-07-2023,MUM-H-02,Lilavati Hospital,Bandra,400050,B-,4,Tuesday,1,0
25-07-2023,MUM-H-02,Lilavati Hospital,Bandra,400050,AB+,6,Tuesday,1,0
25-07-2023,MUM-H-02,Lilavati Hospital,Bandra,400050,AB-,2,Tuesday,1,0
25-07-2023,MUM-H-02,Lilavati Hospital,Bandra,400050,O+,31,Tuesday,1,0
25-07-2023,MUM-H-02,Lilavati Hospital,Bandra,400050,O-,13,Tuesday,1,0
25-07-2023,MUM-H-03,Kokilaben Ambani Hospital,Andheri West,400053,A+,19,Tuesday,1,0
25-07-2023,MUM-H-03,Kokilaben Ambani Hospital,Andheri West,400053,A-,7,Tuesday,1,0
25-07-2023,MUM-H-03,Kokilaben Ambani Hospital,Andheri West,400053,B+,14,Tuesday,1,0
25-07-2023,MUM-H-03,Kokilaben Ambani Hospital,Andheri West,400053,B-,4,Tuesday,1,0
25-07-2023,MUM-H-03,Kokilaben Ambani Hospital,Andheri West,400053,AB+,5,Tuesday,1,0
25-07-2023,MUM-H-03,Kokilaben Ambani Hospital,Andheri West,400053,AB-,2,Tuesday,1,0
25-07-2023,MUM-H-03,Kokilaben Ambani Hospital,Andheri West,400053,O+,28,Tuesday,1,0
25-07-2023,MUM-H-03,Kokilaben Ambani Hospital,Andheri West,400053,O-,12,Tuesday,1,0
25-07-2023,MUM-H-04,Sion Hospital (LTMG),Sion,400022,A+,27,Tuesday,1,0
25-07-2023,MUM-H-04,Sion Hospital (LTMG),Sion,400022,A-,10,Tuesday,1,0
25-07-2023,MUM-H-04,Sion Hospital (LTMG),Sion,400022,B+,20,Tuesday,1,0
25-07-2023,MUM-H-04,Sion Hospital (LTMG),Sion,400022,B-,6,Tuesday,1,0
25-07-2023,MUM-H-04,Sion Hospital (LTMG),Sion,400022,AB+,8,Tuesday,1,0
25-07-2023,MUM-H-04,Sion Hospital (LTMG),Sion,400022,AB-,3,Tuesday,1,0
25-07-2023,MUM-H-04,Sion Hospital (LTMG),Sion,400022,O+,43,Tuesday,1,0
25-07-2023,MUM-H-04,Sion Hospital (LTMG),Sion,400022,O-,19,Tuesday,1,0
25-07-2023,MUM-H-05,Tata Memorial Hospital,Parel,400012,A+,25,Tuesday,1,0
25-07-2023,MUM-H-05,Tata Memorial Hospital,Parel,400012,A-,20,Tuesday,1,0
25-07-2023,MUM-H-05,Tata Memorial Hospital,Parel,400012,B+,19,Tuesday,1,0
25-07-2023,MUM-H-05,Tata Memorial Hospital,Parel,400012,B-,5,Tuesday,1,0
25-07-2023,MUM-H-05,Tata Memorial Hospital,Parel,400012,AB+,7,Tuesday,1,0
25-07-2023,MUM-H-05,Tata Memorial Hospital,Parel,400012,AB-,3,Tuesday,1,0
25-07-2023,MUM-H-05,Tata Memorial Hospital,Parel,400012,O+,40,Tuesday,1,0
25-07-2023,MUM-H-05,Tata Memorial Hospital,Parel,400012,O-,18,Tuesday,1,0
25-07-2023,MUM-H-06,Breach Candy Hospital,Breach Candy,400026,A+,17,Tuesday,1,0
25-07-2023,MUM-H-06,Breach Candy Hospital,Breach Candy,400026,A-,6,Tuesday,1,0
25-07-2023,MUM-H-06,Breach Candy Hospital,Breach Candy,400026,B+,13,Tuesday,1,0
25-07-2023,MUM-H-06,Breach Candy Hospital,Breach Candy,400026,B-,4,Tuesday,1,0
25-07-2023,MUM-H-06,Breach Candy Hospital,Breach Candy,400026,AB+,5,Tuesday,1,0
25-07-2023,MUM-H-06,Breach Candy Hospital,Breach Candy,400026,AB-,2,Tuesday,1,0
25-07-2023,MUM-H-06,Breach Candy Hospital,Breach Candy,400026,O+,26,Tuesday,1,0
25-07-2023,MUM-H-06,Breach Candy Hospital,Breach Candy,400026,O-,11,Tuesday,1,0
25-07-2023,MUM-H-07,Jaslok Hospital,Pedder Road,400026,A+,17,Tuesday,1,0
25-07-2023,MUM-H-07,Jaslok Hospital,Pedder Road,400026,A-,6,Tuesday,1,0
25-07-2023,MUM-H-07,Jaslok Hospital,Pedder Road,400026,B+,13,Tuesday,1,0
25-07-2023,MUM-H-07,Jaslok Hospital,Pedder Road,400026,B-,4,Tuesday,1,0
25-07-2023,MUM-H-07,Jaslok Hospital,Pedder Road,400026,AB+,5,Tuesday,1,0
25-07-2023,MUM-H-07,Jaslok Hospital,Pedder Road,400026,AB-,2,Tuesday,1,0
25-07-2023,MUM-H-07,Jaslok Hospital,Pedder Road,400026,O+,27,Tuesday,1,0
25-07-2023,MUM-H-07,Jaslok Hospital,Pedder Road,400026,O-,11,Tuesday,1,0
25-07-2023,MUM-H-08,Nanavati Max Hospital,Vile Parle,400056,A+,21,Tuesday,1,0
25-07-2023,MUM-H-08,Nanavati Max Hospital,Vile Parle,400056,A-,8,Tuesday,1,0
25-07-2023,MUM-H-08,Nanavati Max Hospital,Vile Parle,400056,B+,16,Tuesday,1,0
25-07-2023,MUM-H-08,Nanavati Max Hospital,Vile Parle,400056,B-,5,Tuesday,1,0
25-07-2023,MUM-H-08,Nanavati Max Hospital,Vile Parle,400056,AB+,6,Tuesday,1,0
25-07-2023,MUM-H-08,Nanavati Max Hospital,Vile Parle,400056,AB-,2,Tuesday,1,0
25-07-2023,MUM-H-08,Nanavati Max Hospital,Vile Parle,400056,O+,33,Tuesday,1,0
25-07-2023,MUM-H-08,Nanavati Max Hospital,Vile Parle,400056,O-,14,Tuesday,1,0
25-07-2023,MUM-H-09,Hiranandani Hospital,Powai,400076,A+,19,Tuesday,1,0
25-07-2023,MUM-H-09,Hiranandani Hospital,Powai,400076,A-,7,Tuesday,1,0
25-07-2023,MUM-H-09,Hiranandani Hospital,Powai,400076,B+,14,Tuesday,1,0
25-07-2023,MUM-H-09,Hiranandani Hospital,Powai,400076,B-,4,Tuesday,1,0
25-07-2023,MUM-H-09,Hiranandani Hospital,Powai,400076,AB+,5,Tuesday,1,0
25-07-2023,MUM-H-09,Hiranandani Hospital,Powai,400076,AB-,2,Tuesday,1,0
25-07-2023,MUM-H-09,Hiranandani Hospital,Powai,400076,O+,29,Tuesday,1,0
25-07-2023,MUM-H-09,Hiranandani Hospital,Powai,400076,O-,12,Tuesday,1,0
25-07-2023,MUM-H-10,Bombay Hospital,Marine Lines,400020,A+,21,Tuesday,1,0
25-07-2023,MUM-H-10,Bombay Hospital,Marine Lines,400020,A-,8,Tuesday,1,0
25-07-2023,MUM-H-10,Bombay Hospital,Marine Lines,400020,B+,16,Tuesday,1,0
25-07-2023,MUM-H-10,Bombay Hospital,Marine Lines,400020,B-,5,Tuesday,1,0
25-07-2023,MUM-H-10,Bombay Hospital,Marine Lines,400020,AB+,6,Tuesday,1,0
25-07-2023,MUM-H-10,Bombay Hospital,Marine Lines,400020,AB-,2,Tuesday,1,0
25-07-2023,MUM-H-10,Bombay Hospital,Marine Lines,400020,O+,32,Tuesday,1,0
25-07-2023,MUM-H-10,Bombay Hospital,Marine Lines,400020,O-,13,Tuesday,1,0
25-07-2023,MUM-H-11,Fortis Hospital, Mulund,400078,A+,20,Tuesday,1,0
25-07-2023,MUM-H-11,Fortis Hospital, Mulund,400078,A-,7,Tuesday,1,0
25-07-2023,MUM-H-11,Fortis Hospital, Mulund,400078,B+,15,Tuesday,1,0
25-07-2023,MUM-H-11,Fortis Hospital, Mulund,400078,B-,4,Tuesday,1,0
25-07-2023,MUM-H-11,Fortis Hospital, Mulund,400078,AB+,6,Tuesday,1,0
25-07-2023,MUM-H-11,Fortis Hospital, Mulund,400078,AB-,2,Tuesday,1,0
25-07-2023,MUM-H-11,Fortis Hospital, Mulund,400078,O+,31,Tuesday,1,0
25-07-2023,MUM-H-11,Fortis Hospital, Mulund,400078,O-,13,Tuesday,1,0
25-07-2023,MUM-H-12,Global Hospital, Parel,400012,A+,22,Tuesday,1,0
25-07-2023,MUM-H-12,Global Hospital, Parel,400012,A-,8,Tuesday,1,0
25-07-2023,MUM-H-12,Global Hospital, Parel,400012,B+,17,Tuesday,1,0
25-07-2023,MUM-H-12,Global Hospital, Parel,400012,B-,5,Tuesday,1,0
25-07-2023,MUM-H-12,Global Hospital, Parel,400012,AB+,6,Tuesday,1,0
25-07-2023,MUM-H-12,Global Hospital, Parel,400012,AB-,2,Tuesday,1,0
25-07-2023,MUM-H-12,Global Hospital, Parel,400012,O+,34,Tuesday,1,0
25-07-2023,MUM-H-12,Global Hospital, Parel,400012,O-,15,Tuesday,1,0
25-07-2023,MUM-H-13,Wockhardt Hospital, Mumbai Central,400008,A+,18,Tuesday,1,0
25-07-2023,MUM-H-13,Wockhardt Hospital, Mumbai Central,400008,A-,6,Tuesday,1,0
25-07-2023,MUM-H-13,Wockhardt Hospital, Mumbai Central,400008,B+,14,Tuesday,1,0
25-07-2023,MUM-H-13,Wockhardt Hospital, Mumbai Central,400008,B-,4,Tuesday,1,0
25-07-2023,MUM-H-13,Wockhardt Hospital, Mumbai Central,400008,AB+,5,Tuesday,1,0
25-07-2023,MUM-H-13,Wockhardt Hospital, Mumbai Central,400008,AB-,2,Tuesday,1,0
25-07-2023,MUM-H-13,Wockhardt Hospital, Mumbai Central,400008,O+,28,Tuesday,1,0
25-07-2023,MUM-H-13,Wockhardt Hospital, Mumbai Central,400008,O-,12,Tuesday,1,0
25-07-2023,MUM-H-14,Sir H. N. Reliance Foundation Hospital,Girgaon,400004,A+,21,Tuesday,1,0
25-07-2023,MUM-H-14,Sir H. N. Reliance Foundation Hospital,Girgaon,400004,A-,8,Tuesday,1,0
25-07-2023,MUM-H-14,Sir H. N. Reliance Foundation Hospital,Girgaon,400004,B+,16,Tuesday,1,0
25-07-2023,MUM-H-14,Sir H. N. Reliance Foundation Hospital,Girgaon,400004,B-,5,Tuesday,1,0
25-07-2023,MUM-H-14,Sir H. N. Reliance Foundation Hospital,Girgaon,400004,AB+,6,Tuesday,1,0
25-07-2023,MUM-H-14,Sir H. N. Reliance Foundation Hospital,Girgaon,400004,AB-,2,Tuesday,1,0
25-07-2023,MUM-H-14,Sir H. N. Reliance Foundation Hospital,Girgaon,400004,O+,32,Tuesday,1,0
25-07-2023,MUM-H-14,Sir H. N. Reliance Foundation Hospital,Girgaon,400004,O-,13,Tuesday,1,0
25-07-2023,MUM-H-15,Hinduja Hospital, Mahim,400016,A+,20,Tuesday,1,0
25-07-2023,MUM-H-15,Hinduja Hospital, Mahim,400016,A-,7,Tuesday,1,0
25-07-2023,MUM-H-15,Hinduja Hospital, Mahim,400016,B+,15,Tuesday,1,0
25-07-2023,MUM-H-15,Hinduja Hospital, Mahim,400016,B-,4,Tuesday,1,0
25-07-2023,MUM-H-15,Hinduja Hospital, Mahim,400016,AB+,6,Tuesday,1,0
25-07-2023,MUM-H-15,Hinduja Hospital, Mahim,400016,AB-,2,Tuesday,1,0
25-07-2023,MUM-H-15,Hinduja Hospital, Mahim,400016,O+,30,Tuesday,1,0
25-07-2023,MUM-H-15,Hinduja Hospital, Mahim,400016,O-,12,Tuesday,1,0
07-09-2023,MUM-H-01,KEM Hospital,Parel,400012,A+,22,Thursday,1,1
07-09-2023,MUM-H-01,KEM Hospital,Parel,400012,O+,34,Thursday,1,1
07-09-2023,MUM-H-04,Sion Hospital (LTMG),Sion,400022,A+,25,Thursday,1,1
07-09-2023,MUM-H-04,Sion Hospital (LTMG),Sion,400022,O+,40,Thursday,1,1
07-09-2023,MUM-H-08,Nanavati Max Hospital,Vile Parle,400056,O-,17,Thursday,1,1
07-09-2023,MUM-H-15,Hinduja Hospital, Mahim,400016,B+,16,Thursday,1,1
19-09-2023,MUM-H-01,KEM Hospital,Parel,400012,A+,21,Tuesday,1,1
19-09-2023,MUM-H-01,KEM Hospital,Parel,400012,O+,33,Tuesday,1,1
19-09-2023,MUM-H-05,Tata Memorial Hospital,Parel,400012,A-,18,Tuesday,1,1
19-09-2023,MUM-H-05,Tata Memorial Hospital,Parel,400012,O+,30,Tuesday,1,1
12-11-2023,MUM-H-02,Lilavati Hospital,Bandra,400050,O+,25,Sunday,0,1
12-11-2023,MUM-H-06,Breach Candy Hospital,Breach Candy,400026,A+,17,Sunday,0,1
12-11-2023,MUM-H-11,Fortis Hospital, Mulund,400078,B+,13,Sunday,0,1
12-11-2023,MUM-H-14,Sir H. N. Reliance Foundation Hospital,Girgaon,400004,AB+,8,Sunday,0,1
01-01-2024,MUM-H-01,KEM Hospital,Parel,400012,A+,18,Monday,0,1
01-01-2024,MUM-H-01,KEM Hospital,Parel,400012,A-,6,Monday,0,1
01-01-2024,MUM-H-01,KEM Hospital,Parel,400012,B+,14,Monday,0,1
01-01-2024,MUM-H-01,KEM Hospital,Parel,400012,B-,4,Monday,0,1
01-01-2024,MUM-H-01,KEM Hospital,Parel,400012,AB+,5,Monday,0,1
01-01-2024,MUM-H-01,KEM Hospital,Parel,400012,AB-,2,Monday,0,1
01-01-2024,MUM-H-01,KEM Hospital,Parel,400012,O+,29,Monday,0,1
01-01-2024,MUM-H-01,KEM Hospital,Parel,400012,O-,13,Monday,0,1
01-01-2024,MUM-H-02,Lilavati Hospital,Bandra,400050,A+,15,Monday,0,1
01-01-2024,MUM-H-02,Lilavati Hospital,Bandra,400050,A-,5,Monday,0,1
01-01-2024,MUM-H-02,Lilavati Hospital,Bandra,400050,B+,11,Monday,0,1
01-01-2024,MUM-H-02,Lilavati Hospital,Bandra,400050,B-,3,Monday,0,1
01-01-2024,MUM-H-02,Lilavati Hospital,Bandra,400050,AB+,4,Monday,0,1
01-01-2024,MUM-H-02,Lilavati Hospital,Bandra,400050,AB-,1,Monday,0,1
01-01-2024,MUM-H-02,Lilavati Hospital,Bandra,400050,O+,23,Monday,0,1
01-01-2024,MUM-H-02,Lilavati Hospital,Bandra,400050,O-,9,Monday,0,1
01-01-2024,MUM-H-03,Kokilaben Ambani Hospital,Andheri West,400053,A+,14,Monday,0,1
01-01-2024,MUM-H-03,Kokilaben Ambani Hospital,Andheri West,400053,A-,4,Monday,0,1
01-01-2024,MUM-H-03,Kokilaben Ambani Hospital,Andheri West,400053,B+,10,Monday,0,1
01-01-2024,MUM-H-03,Kokilaben Ambani Hospital,Andheri West,400053,B-,3,Monday,0,1
01-01-2024,MUM-H-03,Kokilaben Ambani Hospital,Andheri West,400053,AB+,4,Monday,0,1
01-01-2024,MUM-H-03,Kokilaben Ambani Hospital,Andheri West,400053,AB-,1,Monday,0,1
01-01-2024,MUM-H-03,Kokilaben Ambani Hospital,Andheri West,400053,O+,21,Monday,0,1
01-01-2024,MUM-H-03,Kokilaben Ambani Hospital,Andheri West,400053,O-,8,Monday,0,1
01-01-2024,MUM-H-04,Sion Hospital (LTMG),Sion,400022,A+,20,Monday,0,1
01-01-2024,MUM-H-04,Sion Hospital (LTMG),Sion,400022,A-,7,Monday,0,1
01-01-2024,MUM-H-04,Sion Hospital (LTMG),Sion,400022,B+,15,Monday,0,1
01-01-2024,MUM-H-04,Sion Hospital (LTMG),Sion,400022,B-,4,Monday,0,1
01-01-2024,MUM-H-04,Sion Hospital (LTMG),Sion,400022,AB+,6,Monday,0,1
01-01-2024,MUM-H-04,Sion Hospital (LTMG),Sion,400022,AB-,2,Monday,0,1
01-01-2024,MUM-H-04,Sion Hospital (LTMG),Sion,400022,O+,31,Monday,0,1
01-01-2024,MUM-H-04,Sion Hospital (LTMG),Sion,400022,O-,14,Monday,0,1
01-01-2024,MUM-H-05,Tata Memorial Hospital,Parel,400012,A+,19,Monday,0,1
01-01-2024,MUM-H-05,Tata Memorial Hospital,Parel,400012,A-,15,Monday,0,1
01-01-2024,MUM-H-05,Tata Memorial Hospital,Parel,400012,B+,14,Monday,0,1
01-01-2024,MUM-H-05,Tata Memorial Hospital,Parel,400012,B-,4,Monday,0,1
01-01-2024,MUM-H-05,Tata Memorial Hospital,Parel,400012,AB+,5,Monday,0,1
01-01-2024,MUM-H-05,Tata Memorial Hospital,Parel,400012,AB-,2,Monday,0,1
01-01-2024,MUM-H-05,Tata Memorial Hospital,Parel,400012,O+,29,Monday,0,1
01-01-2024,MUM-H-05,Tata Memorial Hospital,Parel,400012,O-,13,Monday,0,1
01-01-2024,MUM-H-06,Breach Candy Hospital,Breach Candy,400026,A+,13,Monday,0,1
01-01-2024,MUM-H-06,Breach Candy Hospital,Breach Candy,400026,A-,4,Monday,0,1
01-01-2024,MUM-H-06,Breach Candy Hospital,Breach Candy,400026,B+,9,Monday,0,1
01-01-2024,MUM-H-06,Breach Candy Hospital,Breach Candy,400026,B-,2,Monday,0,1
01-01-2024,MUM-H-06,Breach Candy Hospital,Breach Candy,400026,AB+,3,Monday,0,1
01-01-2024,MUM-H-06,Breach Candy Hospital,Breach Candy,400026,AB-,1,Monday,0,1
01-01-2024,MUM-H-06,Breach Candy Hospital,Breach Candy,400026,O+,19,Monday,0,1
01-01-2024,MUM-H-06,Breach Candy Hospital,Breach Candy,400026,O-,7,Monday,0,1
01-01-2024,MUM-H-07,Jaslok Hospital,Pedder Road,400026,A+,13,Monday,0,1
01-01-2024,MUM-H-07,Jaslok Hospital,Pedder Road,400026,A-,4,Monday,0,1
01-01-2024,MUM-H-07,Jaslok Hospital,Pedder Road,400026,B+,9,Monday,0,1
01-01-2024,MUM-H-07,Jaslok Hospital,Pedder Road,400026,B-,2,Monday,0,1
01-01-2024,MUM-H-07,Jaslok Hospital,Pedder Road,400026,AB+,3,Monday,0,1
01-01-2024,MUM-H-07,Jaslok Hospital,Pedder Road,400026,AB-,1,Monday,0,1
01-01-2024,MUM-H-07,Jaslok Hospital,Pedder Road,400026,O+,20,Monday,0,1
01-01-2024,MUM-H-07,Jaslok Hospital,Pedder Road,400026,O-,8,Monday,0,1
01-01-2024,MUM-H-08,Nanavati Max Hospital,Vile Parle,400056,A+,16,Monday,0,1
01-01-2024,MUM-H-08,Nanavati Max Hospital,Vile Parle,400056,A-,5,Monday,0,1
01-01-2024,MUM-H-08,Nanavati Max Hospital,Vile Parle,400056,B+,12,Monday,0,1
01-01-2024,MUM-H-08,Nanavati Max Hospital,Vile Parle,400056,B-,3,Monday,0,1
01-01-2024,MUM-H-08,Nanavati Max Hospital,Vile Parle,400056,AB+,5,Monday,0,1
01-01-2024,MUM-H-08,Nanavati Max Hospital,Vile Parle,400056,AB-,2,Monday,0,1
01-01-2024,MUM-H-08,Nanavati Max Hospital,Vile Parle,400056,O+,25,Monday,0,1
01-01-2024,MUM-H-08,Nanavati Max Hospital,Vile Parle,400056,O-,10,Monday,0,1
01-01-2024,MUM-H-09,Hiranandani Hospital,Powai,400076,A+,14,Monday,0,1
01-01-2024,MUM-H-09,Hiranandani Hospital,Powai,400076,A-,4,Monday,0,1
01-01-2024,MUM-H-09,Hiranandani Hospital,Powai,400076,B+,10,Monday,0,1
01-01-2024,MUM-H-09,Hiranandani Hospital,Powai,400076,B-,3,Monday,0,1
01-01-2024,MUM-H-09,Hiranandani Hospital,Powai,400076,AB+,4,Monday,0,1
01-01-2024,MUM-H-09,Hiranandani Hospital,Powai,400076,AB-,1,Monday,0,1
01-01-2024,MUM-H-09,Hiranandani Hospital,Powai,400076,O+,22,Monday,0,1
01-01-2024,MUM-H-09,Hiranandani Hospital,Powai,400076,O-,9,Monday,0,1
01-01-2024,MUM-H-10,Bombay Hospital,Marine Lines,400020,A+,16,Monday,0,1
01-01-2024,MUM-H-10,Bombay Hospital,Marine Lines,400020,A-,5,Monday,0,1
01-01-2024,MUM-H-10,Bombay Hospital,Marine Lines,400020,B+,12,Monday,0,1
01-01-2024,MUM-H-10,Bombay Hospital,Marine Lines,400020,B-,3,Monday,0,1
01-01-2024,MUM-H-10,Bombay Hospital,Marine Lines,400020,AB+,5,Monday,0,1
01-01-2024,MUM-H-10,Bombay Hospital,Marine Lines,400020,AB-,2,Monday,0,1
01-01-2024,MUM-H-10,Bombay Hospital,Marine Lines,400020,O+,24,Monday,0,1
01-01-2024,MUM-H-10,Bombay Hospital,Marine Lines,400020,O-,10,Monday,0,1
01-01-2024,MUM-H-11,Fortis Hospital, Mulund,400078,A+,15,Monday,0,1
01-01-2024,MUM-H-11,Fortis Hospital, Mulund,400078,A-,5,Monday,0,1
01-01-2024,MUM-H-11,Fortis Hospital, Mulund,400078,B+,11,Monday,0,1
01-01-2024,MUM-H-11,Fortis Hospital, Mulund,400078,B-,3,Monday,0,1
01-01-2024,MUM-H-11,Fortis Hospital, Mulund,400078,AB+,4,Monday,0,1
01-01-2024,MUM-H-11,Fortis Hospital, Mulund,400078,AB-,1,Monday,0,1
01-01-2024,MUM-H-11,Fortis Hospital, Mulund,400078,O+,23,Monday,0,1
01-01-2024,MUM-H-11,Fortis Hospital, Mulund,400078,O-,9,Monday,0,1
01-01-2024,MUM-H-12,Global Hospital, Parel,400012,A+,17,Monday,0,1
01-01-2024,MUM-H-12,Global Hospital, Parel,400012,A-,6,Monday,0,1
01-01-2024,MUM-H-12,Global Hospital, Parel,400012,B+,13,Monday,0,1
01-01-2024,MUM-H-12,Global Hospital, Parel,400012,B-,4,Monday,0,1
01-01-2024,MUM-H-12,Global Hospital, Parel,400012,AB+,5,Monday,0,1
01-01-2024,MUM-H-12,Global Hospital, Parel,400012,AB-,2,Monday,0,1
01-01-2024,MUM-H-12,Global Hospital, Parel,400012,O+,26,Monday,0,1
01-01-2024,MUM-H-12,Global Hospital, Parel,400012,O-,11,Monday,0,1
01-01-2024,MUM-H-13,Wockhardt Hospital, Mumbai Central,400008,A+,14,Monday,0,1
01-01-2024,MUM-H-13,Wockhardt Hospital, Mumbai Central,400008,A-,4,Monday,0,1
01-01-2024,MUM-H-13,Wockhardt Hospital, Mumbai Central,400008,B+,10,Monday,0,1
01-01-2024,MUM-H-13,Wockhardt Hospital, Mumbai Central,400008,B-,3,Monday,0,1
01-01-2024,MUM-H-13,Wockhardt Hospital, Mumbai Central,400008,AB+,4,Monday,0,1
01-01-2024,MUM-H-13,Wockhardt Hospital, Mumbai Central,400008,AB-,1,Monday,0,1
01-01-2024,MUM-H-13,Wockhardt Hospital, Mumbai Central,400008,O+,21,Monday,0,1
01-01-2024,MUM-H-13,Wockhardt Hospital, Mumbai Central,400008,O-,8,Monday,0,1
01-01-2024,MUM-H-14,Sir H. N. Reliance Foundation Hospital,Girgaon,400004,A+,16,Monday,0,1
01-01-2024,MUM-H-14,Sir H. N. Reliance Foundation Hospital,Girgaon,400004,A-,5,Monday,0,1
01-01-2024,MUM-H-14,Sir H. N. Reliance Foundation Hospital,Girgaon,400004,B+,12,Monday,0,1
01-01-2024,MUM-H-14,Sir H. N. Reliance Foundation Hospital,Girgaon,400004,B-,3,Monday,0,1
01-01-2024,MUM-H-14,Sir H. N. Reliance Foundation Hospital,Girgaon,400004,AB+,5,Monday,0,1
01-01-2024,MUM-H-14,Sir H. N. Reliance Foundation Hospital,Girgaon,400004,AB-,2,Monday,0,1
01-01-2024,MUM-H-14,Sir H. N. Reliance Foundation Hospital,Girgaon,400004,O+,24,Monday,0,1
01-01-2024,MUM-H-14,Sir H. N. Reliance Foundation Hospital,Girgaon,400004,O-,10,Monday,0,1
01-01-2024,MUM-H-15,Hinduja Hospital, Mahim,400016,A+,15,Monday,0,1
01-01-2024,MUM-H-15,Hinduja Hospital, Mahim,400016,A-,5,Monday,0,1
01-01-2024,MUM-H-15,Hinduja Hospital, Mahim,400016,B+,11,Monday,0,1
01-01-2024,MUM-H-15,Hinduja Hospital, Mahim,400016,B-,3,Monday,0,1
01-01-2024,MUM-H-15,Hinduja Hospital, Mahim,400016,AB+,4,Monday,0,1
01-01-2024,MUM-H-15,Hinduja Hospital, Mahim,400016,AB-,1,Monday,0,1
01-01-2024,MUM-H-15,Hinduja Hospital, Mahim,400016,O+,22,Monday,0,1
01-01-2024,MUM-H-15,Hinduja Hospital, Mahim,400016,O-,9,Monday,0,1
26-01-2024,MUM-H-04,Sion Hospital (LTMG),Sion,400022,O+,36,Friday,0,1
26-01-2024,MUM-H-04,Sion Hospital (LTMG),Sion,400022,O-,16,Friday,0,1
26-01-2024,MUM-H-09,Hiranandani Hospital,Powai,400076,A+,18,Friday,0,1
26-01-2024,MUM-H-13,Wockhardt Hospital, Mumbai Central,400008,B+,13,Friday,0,1
08-03-2024,MUM-H-01,KEM Hospital,Parel,400012,A+,17,Friday,0,1
08-03-2024,MUM-H-01,KEM Hospital,Parel,400012,A-,6,Friday,0,1
08-03-2024,MUM-H-01,KEM Hospital,Parel,400012,B+,13,Friday,0,1
08-03-2024,MUM-H-01,KEM Hospital,Parel,400012,B-,4,Friday,0,1
08-03-2024,MUM-H-01,KEM Hospital,Parel,400012,AB+,5,Friday,0,1
08-03-2024,MUM-H-01,KEM Hospital,Parel,400012,AB-,2,Friday,0,1
08-03-2024,MUM-H-01,KEM Hospital,Parel,400012,O+,27,Friday,0,1
08-03-2024,MUM-H-01,KEM Hospital,Parel,400012,O-,12,Friday,0,1
08-03-2024,MUM-H-02,Lilavati Hospital,Bandra,400050,A+,14,Friday,0,1
08-03-2024,MUM-H-02,Lilavati Hospital,Bandra,400050,A-,5,Friday,0,1
08-03-2024,MUM-H-02,Lilavati Hospital,Bandra,400050,B+,11,Friday,0,1
08-03-2024,MUM-H-02,Lilavati Hospital,Bandra,400050,B-,3,Friday,0,1
08-03-2024,MUM-H-02,Lilavati Hospital,Bandra,400050,AB+,4,Friday,0,1
08-03-2024,MUM-H-02,Lilavati Hospital,Bandra,400050,AB-,1,Friday,0,1
08-03-2024,MUM-H-02,Lilavati Hospital,Bandra,400050,O+,22,Friday,0,1
08-03-2024,MUM-H-02,Lilavati Hospital,Bandra,400050,O-,9,Friday,0,1
08-03-2024,MUM-H-03,Kokilaben Ambani Hospital,Andheri West,400053,A+,13,Friday,0,1
08-03-2024,MUM-H-03,Kokilaben Ambani Hospital,Andheri West,400053,A-,4,Friday,0,1
08-03-2024,MUM-H-03,Kokilaben Ambani Hospital,Andheri West,400053,B+,10,Friday,0,1
08-03-2024,MUM-H-03,Kokilaben Ambani Hospital,Andheri West,400053,B-,3,Friday,0,1
08-03-2024,MUM-H-03,Kokilaben Ambani Hospital,Andheri West,400053,AB+,4,Friday,0,1
08-03-2024,MUM-H-03,Kokilaben Ambani Hospital,Andheri West,400053,AB-,1,Friday,0,1
08-03-2024,MUM-H-03,Kokilaben Ambani Hospital,Andheri West,400053,O+,20,Friday,0,1
08-03-2024,MUM-H-03,Kokilaben Ambani Hospital,Andheri West,400053,O-,8,Friday,0,1
08-03-2024,MUM-H-04,Sion Hospital (LTMG),Sion,400022,A+,19,Friday,0,1
08-03-2024,MUM-H-04,Sion Hospital (LTMG),Sion,400022,A-,7,Friday,0,1
08-03-2024,MUM-H-04,Sion Hospital (LTMG),Sion,400022,B+,14,Friday,0,1
08-03-2024,MUM-H-04,Sion Hospital (LTMG),Sion,400022,B-,4,Friday,0,1
08-03-2024,MUM-H-04,Sion Hospital (LTMG),Sion,400022,AB+,6,Friday,0,1
08-03-2024,MUM-H-04,Sion Hospital (LTMG),Sion,400022,AB-,2,Friday,0,1
08-03-2024,MUM-H-04,Sion Hospital (LTMG),Sion,400022,O+,30,Friday,0,1
08-03-2024,MUM-H-04,Sion Hospital (LTMG),Sion,400022,O-,13,Friday,0,1
08-03-2024,MUM-H-05,Tata Memorial Hospital,Parel,400012,A+,18,Friday,0,1
08-03-2024,MUM-H-05,Tata Memorial Hospital,Parel,400012,A-,14,Friday,0,1
08-03-2024,MUM-H-05,Tata Memorial Hospital,Parel,400012,B+,13,Friday,0,1
08-03-2024,MUM-H-05,Tata Memorial Hospital,Parel,400012,B-,4,Friday,0,1
08-03-2024,MUM-H-05,Tata Memorial Hospital,Parel,400012,AB+,5,Friday,0,1
08-03-2024,MUM-H-05,Tata Memorial Hospital,Parel,400012,AB-,2,Friday,0,1
08-03-2024,MUM-H-05,Tata Memorial Hospital,Parel,400012,O+,28,Friday,0,1
08-03-2024,MUM-H-05,Tata Memorial Hospital,Parel,400012,O-,12,Friday,0,1
08-03-2024,MUM-H-06,Breach Candy Hospital,Breach Candy,400026,A+,12,Friday,0,1
08-03-2024,MUM-H-06,Breach Candy Hospital,Breach Candy,400026,A-,4,Friday,0,1
08-03-2024,MUM-H-06,Breach Candy Hospital,Breach Candy,400026,B+,9,Friday,0,1
08-03-2024,MUM-H-06,Breach Candy Hospital,Breach Candy,400026,B-,2,Friday,0,1
08-03-2024,MUM-H-06,Breach Candy Hospital,Breach Candy,400026,AB+,3,Friday,0,1
08-03-2024,MUM-H-06,Breach Candy Hospital,Breach Candy,400026,AB-,1,Friday,0,1
08-03-2024,MUM-H-06,Breach Candy Hospital,Breach Candy,400026,O+,18,Friday,0,1
08-03-2024,MUM-H-06,Breach Candy Hospital,Breach Candy,400026,O-,7,Friday,0,1
08-03-2024,MUM-H-07,Jaslok Hospital,Pedder Road,400026,A+,12,Friday,0,1
08-03-2024,MUM-H-07,Jaslok Hospital,Pedder Road,400026,A-,4,Friday,0,1
08-03-2024,MUM-H-07,Jaslok Hospital,Pedder Road,400026,B+,9,Friday,0,1
08-03-2024,MUM-H-07,Jaslok Hospital,Pedder Road,400026,B-,2,Friday,0,1
08-03-2024,MUM-H-07,Jaslok Hospital,Pedder Road,400026,AB+,3,Friday,0,1
08-03-2024,MUM-H-07,Jaslok Hospital,Pedder Road,400026,AB-,1,Friday,0,1
08-03-2024,MUM-H-07,Jaslok Hospital,Pedder Road,400026,O+,19,Friday,0,1
08-03-2024,MUM-H-07,Jaslok Hospital,Pedder Road,400026,O-,7,Friday,0,1
08-03-2024,MUM-H-08,Nanavati Max Hospital,Vile Parle,400056,A+,15,Friday,0,1
08-03-2024,MUM-H-08,Nanavati Max Hospital,Vile Parle,400056,A-,5,Friday,0,1
08-03-2024,MUM-H-08,Nanavati Max Hospital,Vile Parle,400056,B+,12,Friday,0,1
08-03-2024,MUM-H-08,Nanavati Max Hospital,Vile Parle,400056,B-,3,Friday,0,1
08-03-2024,MUM-H-08,Nanavati Max Hospital,Vile Parle,400056,AB+,4,Friday,0,1
08-03-2024,MUM-H-08,Nanavati Max Hospital,Vile Parle,400056,AB-,1,Friday,0,1
08-03-2024,MUM-H-08,Nanavati Max Hospital,Vile Parle,400056,O+,24,Friday,0,1
08-03-2024,MUM-H-08,Nanavati Max Hospital,Vile Parle,400056,O-,10,Friday,0,1
08-03-2024,MUM-H-09,Hiranandani Hospital,Powai,400076,A+,13,Friday,0,1
08-03-2024,MUM-H-09,Hiranandani Hospital,Powai,400076,A-,4,Friday,0,1
08-03-2024,MUM-H-09,Hiranandani Hospital,Powai,400076,B+,10,Friday,0,1
08-03-2024,MUM-H-09,Hiranandani Hospital,Powai,400076,B-,3,Friday,0,1
08-03-2024,MUM-H-09,Hiranandani Hospital,Powai,400076,AB+,4,Friday,0,1
08-03-2024,MUM-H-09,Hiranandani Hospital,Powai,400076,AB-,1,Friday,0,1
08-03-2024,MUM-H-09,Hiranandani Hospital,Powai,400076,O+,21,Friday,0,1
08-03-2024,MUM-H-09,Hiranandani Hospital,Powai,400076,O-,8,Friday,0,1
08-03-2024,MUM-H-10,Bombay Hospital,Marine Lines,400020,A+,15,Friday,0,1
08-03-2024,MUM-H-10,Bombay Hospital,Marine Lines,400020,A-,5,Friday,0,1
08-03-2024,MUM-H-10,Bombay Hospital,Marine Lines,400020,B+,12,Friday,0,1
08-03-2024,MUM-H-10,Bombay Hospital,Marine Lines,400020,B-,3,Friday,0,1
08-03-2024,MUM-H-10,Bombay Hospital,Marine Lines,400020,AB+,4,Friday,0,1
08-03-2024,MUM-H-10,Bombay Hospital,Marine Lines,400020,AB-,1,Friday,0,1
08-03-2024,MUM-H-10,Bombay Hospital,Marine Lines,400020,O+,23,Friday,0,1
08-03-2024,MUM-H-10,Bombay Hospital,Marine Lines,400020,O-,9,Friday,0,1
08-03-2024,MUM-H-11,Fortis Hospital, Mulund,400078,A+,14,Friday,0,1
08-03-2024,MUM-H-11,Fortis Hospital, Mulund,400078,A-,5,Friday,0,1
08-03-2024,MUM-H-11,Fortis Hospital, Mulund,400078,B+,11,Friday,0,1
08-03-2024,MUM-H-11,Fortis Hospital, Mulund,400078,B-,3,Friday,0,1
08-03-2024,MUM-H-11,Fortis Hospital, Mulund,400078,AB+,4,Friday,0,1
08-03-2024,MUM-H-11,Fortis Hospital, Mulund,400078,AB-,1,Friday,0,1
08-03-2024,MUM-H-11,Fortis Hospital, Mulund,400078,O+,22,Friday,0,1
08-03-2024,MUM-H-11,Fortis Hospital, Mulund,400078,O-,9,Friday,0,1
08-03-2024,MUM-H-12,Global Hospital, Parel,400012,A+,16,Friday,0,1
08-03-2024,MUM-H-12,Global Hospital, Parel,400012,A-,6,Friday,0,1
08-03-2024,MUM-H-12,Global Hospital, Parel,400012,B+,12,Friday,0,1
08-03-2024,MUM-H-12,Global Hospital, Parel,400012,B-,3,Friday,0,1
08-03-2024,MUM-H-12,Global Hospital, Parel,400012,AB+,5,Friday,0,1
08-03-2024,MUM-H-12,Global Hospital, Parel,400012,AB-,2,Friday,0,1
08-03-2024,MUM-H-12,Global Hospital, Parel,400012,O+,25,Friday,0,1
08-03-2024,MUM-H-12,Global Hospital, Parel,400012,O-,10,Friday,0,1
08-03-2024,MUM-H-13,Wockhardt Hospital, Mumbai Central,400008,A+,13,Friday,0,1
08-03-2024,MUM-H-13,Wockhardt Hospital, Mumbai Central,400008,A-,4,Friday,0,1
08-03-2024,MUM-H-13,Wockhardt Hospital, Mumbai Central,400008,B+,10,Friday,0,1
08-03-2024,MUM-H-13,Wockhardt Hospital, Mumbai Central,400008,B-,3,Friday,0,1
08-03-2024,MUM-H-13,Wockhardt Hospital, Mumbai Central,400008,AB+,4,Friday,0,1
08-03-2024,MUM-H-13,Wockhardt Hospital, Mumbai Central,400008,AB-,1,Friday,0,1
08-03-2024,MUM-H-13,Wockhardt Hospital, Mumbai Central,400008,O+,20,Friday,0,1
08-03-2024,MUM-H-13,Wockhardt Hospital, Mumbai Central,400008,O-,8,Friday,0,1
08-03-2024,MUM-H-14,Sir H. N. Reliance Foundation Hospital,Girgaon,400004,A+,15,Friday,0,1
08-03-2024,MUM-H-14,Sir H. N. Reliance Foundation Hospital,Girgaon,400004,A-,5,Friday,0,1
08-03-2024,MUM-H-14,Sir H. N. Reliance Foundation Hospital,Girgaon,400004,B+,12,Friday,0,1
08-03-2024,MUM-H-14,Sir H. N. Reliance Foundation Hospital,Girgaon,400004,B-,3,Friday,0,1
08-03-2024,MUM-H-14,Sir H. N. Reliance Foundation Hospital,Girgaon,400004,AB+,4,Friday,0,1
08-03-2024,MUM-H-14,Sir H. N. Reliance Foundation Hospital,Girgaon,400004,AB-,1,Friday,0,1
08-03-2024,MUM-H-14,Sir H. N. Reliance Foundation Hospital,Girgaon,400004,O+,23,Friday,0,1
08-03-2024,MUM-H-14,Sir H. N. Reliance Foundation Hospital,Girgaon,400004,O-,9,Friday,0,1
08-03-2024,MUM-H-15,Hinduja Hospital, Mahim,400016,A+,14,Friday,0,1
08-03-2024,MUM-H-15,Hinduja Hospital, Mahim,400016,A-,5,Friday,0,1
08-03-2024,MUM-H-15,Hinduja Hospital, Mahim,400016,B+,11,Friday,0,1
08-03-2024,MUM-H-15,Hinduja Hospital, Mahim,400016,B-,3,Friday,0,1
08-03-2024,MUM-H-15,Hinduja Hospital, Mahim,400016,AB+,4,Friday,0,1
08-03-2024,MUM-H-15,Hinduja Hospital, Mahim,400016,AB-,1,Friday,0,1
08-03-2024,MUM-H-15,Hinduja Hospital, Mahim,400016,O+,21,Friday,0,1
08-03-2024,MUM-H-15,Hinduja Hospital, Mahim,400016,O-,8,Friday,0,1
11-04-2024,MUM-H-03,Kokilaben Ambani Hospital,Andheri West,400053,A+,18,Thursday,0,1
11-04-2024,MUM-H-03,Kokilaben Ambani Hospital,Andheri West,400053,O+,26,Thursday,0,1
11-04-2024,MUM-H-06,Breach Candy Hospital,Breach Candy,400026,B+,12,Thursday,0,1
11-04-2024,MUM-H-14,Sir H. N. Reliance Foundation Hospital,Girgaon,400004,O-,11,Thursday,0,1
23-05-2024,MUM-H-01,KEM Hospital,Parel,400012,A+,15,Thursday,0,0
23-05-2024,MUM-H-01,KEM Hospital,Parel,400012,A-,5,Thursday,0,0
23-05-2024,MUM-H-01,KEM Hospital,Parel,400012,B+,11,Thursday,0,0
23-05-2024,MUM-H-01,KEM Hospital,Parel,400012,B-,3,Thursday,0,0
23-05-2024,MUM-H-01,KEM Hospital,Parel,400012,AB+,4,Thursday,0,0
23-05-2024,MUM-H-01,KEM Hospital,Parel,400012,AB-,1,Thursday,0,0
23-05-2024,MUM-H-01,KEM Hospital,Parel,400012,O+,23,Thursday,0,0
23-05-2024,MUM-H-01,KEM Hospital,Parel,400012,O-,9,Thursday,0,0
23-05-2024,MUM-H-02,Lilavati Hospital,Bandra,400050,A+,12,Thursday,0,0
23-05-2024,MUM-H-02,Lilavati Hospital,Bandra,400050,A-,4,Thursday,0,0
23-05-2024,MUM-H-02,Lilavati Hospital,Bandra,400050,B+,9,Thursday,0,0
23-05-2024,MUM-H-02,Lilavati Hospital,Bandra,400050,B-,2,Thursday,0,0
23-05-2024,MUM-H-02,Lilavati Hospital,Bandra,400050,AB+,3,Thursday,0,0
23-05-2024,MUM-H-02,Lilavati Hospital,Bandra,400050,AB-,1,Thursday,0,0
23-05-2024,MUM-H-02,Lilavati Hospital,Bandra,400050,O+,19,Thursday,0,0
23-05-2024,MUM-H-02,Lilavati Hospital,Bandra,400050,O-,7,Thursday,0,0
23-05-2024,MUM-H-03,Kokilaben Ambani Hospital,Andheri West,400053,A+,11,Thursday,0,0
23-05-2024,MUM-H-03,Kokilaben Ambani Hospital,Andheri West,400053,A-,3,Thursday,0,0
23-05-2024,MUM-H-03,Kokilaben Ambani Hospital,Andheri West,400053,B+,8,Thursday,0,0
23-05-2024,MUM-H-03,Kokilaben Ambani Hospital,Andheri West,400053,B-,2,Thursday,0,0
23-05-2024,MUM-H-03,Kokilaben Ambani Hospital,Andheri West,400053,AB+,3,Thursday,0,0
23-05-2024,MUM-H-03,Kokilaben Ambani Hospital,Andheri West,400053,AB-,1,Thursday,0,0
23-05-2024,MUM-H-03,Kokilaben Ambani Hospital,Andheri West,400053,O+,18,Thursday,0,0
23-05-2024,MUM-H-03,Kokilaben Ambani Hospital,Andheri West,400053,O-,7,Thursday,0,0
23-05-2024,MUM-H-04,Sion Hospital (LTMG),Sion,400022,A+,17,Thursday,0,0
23-05-2024,MUM-H-04,Sion Hospital (LTMG),Sion,400022,A-,6,Thursday,0,0
23-05-2024,MUM-H-04,Sion Hospital (LTMG),Sion,400022,B+,13,Thursday,0,0
23-05-2024,MUM-H-04,Sion Hospital (LTMG),Sion,400022,B-,4,Thursday,0,0
23-05-2024,MUM-H-04,Sion Hospital (LTMG),Sion,400022,AB+,5,Thursday,0,0
23-05-2024,MUM-H-04,Sion Hospital (LTMG),Sion,400022,AB-,2,Thursday,0,0
23-05-2024,MUM-H-04,Sion Hospital (LTMG),Sion,400022,O+,26,Thursday,0,0
23-05-2024,MUM-H-04,Sion Hospital (LTMG),Sion,400022,O-,11,Thursday,0,0
23-05-2024,MUM-H-05,Tata Memorial Hospital,Parel,400012,A+,16,Thursday,0,0
23-05-2024,MUM-H-05,Tata Memorial Hospital,Parel,400012,A-,12,Thursday,0,0
23-05-2024,MUM-H-05,Tata Memorial Hospital,Parel,400012,B+,12,Thursday,0,0
23-05-2024,MUM-H-05,Tata Memorial Hospital,Parel,400012,B-,3,Thursday,0,0
23-05-2024,MUM-H-05,Tata Memorial Hospital,Parel,400012,AB+,5,Thursday,0,0
23-05-2024,MUM-H-05,Tata Memorial Hospital,Parel,400012,AB-,2,Thursday,0,0
23-05-2024,MUM-H-05,Tata Memorial Hospital,Parel,400012,O+,25,Thursday,0,0
23-05-2024,MUM-H-05,Tata Memorial Hospital,Parel,400012,O-,10,Thursday,0,0
23-05-2024,MUM-H-06,Breach Candy Hospital,Breach Candy,400026,A+,10,Thursday,0,0
23-05-2024,MUM-H-06,Breach Candy Hospital,Breach Candy,400026,A-,3,Thursday,0,0
23-05-2024,MUM-H-06,Breach Candy Hospital,Breach Candy,400026,B+,7,Thursday,0,0
23-05-2024,MUM-H-06,Breach Candy Hospital,Breach Candy,400026,B-,2,Thursday,0,0
23-05-2024,MUM-H-06,Breach Candy Hospital,Breach Candy,400026,AB+,3,Thursday,0,0
23-05-2024,MUM-H-06,Breach Candy Hospital,Breach Candy,400026,AB-,1,Thursday,0,0
23-05-2024,MUM-H-06,Breach Candy Hospital,Breach Candy,400026,O+,16,Thursday,0,0
23-05-2024,MUM-H-06,Breach Candy Hospital,Breach Candy,400026,O-,6,Thursday,0,0
23-05-2024,MUM-H-07,Jaslok Hospital,Pedder Road,400026,A+,10,Thursday,0,0
23-05-2024,MUM-H-07,Jaslok Hospital,Pedder Road,400026,A-,3,Thursday,0,0
23-05-2024,MUM-H-07,Jaslok Hospital,Pedder Road,400026,B+,7,Thursday,0,0
23-05-2024,MUM-H-07,Jaslok Hospital,Pedder Road,400026,B-,2,Thursday,0,0
23-05-2024,MUM-H-07,Jaslok Hospital,Pedder Road,400026,AB+,3,Thursday,0,0
23-05-2024,MUM-H-07,Jaslok Hospital,Pedder Road,400026,AB-,1,Thursday,0,0
23-05-2024,MUM-H-07,Jaslok Hospital,Pedder Road,400026,O+,17,Thursday,0,0
23-05-2024,MUM-H-07,Jaslok Hospital,Pedder Road,400026,O-,7,Thursday,0,0
23-05-2024,MUM-H-08,Nanavati Max Hospital,Vile Parle,400056,A+,13,Thursday,0,0
23-05-2024,MUM-H-08,Nanavati Max Hospital,Vile Parle,400056,A-,4,Thursday,0,0
23-05-2024,MUM-H-08,Nanavati Max Hospital,Vile Parle,400056,B+,10,Thursday,0,0
23-05-2024,MUM-H-08,Nanavati Max Hospital,Vile Parle,400056,B-,3,Thursday,0,0
23-05-2024,MUM-H-08,Nanavati Max Hospital,Vile Parle,400056,AB+,4,Thursday,0,0
23-05-2024,MUM-H-08,Nanavati Max Hospital,Vile Parle,400056,AB-,1,Thursday,0,0
23-05-2024,MUM-H-08,Nanavati Max Hospital,Vile Parle,400056,O+,21,Thursday,0,0
23-05-2024,MUM-H-08,Nanavati Max Hospital,Vile Parle,400056,O-,8,Thursday,0,0
23-05-2024,MUM-H-09,Hiranandani Hospital,Powai,400076,A+,11,Thursday,0,0
23-05-2024,MUM-H-09,Hiranandani Hospital,Powai,400076,A-,3,Thursday,0,0
23-05-2024,MUM-H-09,Hiranandani Hospital,Powai,400076,B+,8,Thursday,0,0
23-05-2024,MUM-H-09,Hiranandani Hospital,Powai,400076,B-,2,Thursday,0,0
23-05-2024,MUM-H-09,Hiranandani Hospital,Powai,400076,AB+,3,Thursday,0,0
23-05-2024,MUM-H-09,Hiranandani Hospital,Powai,400076,AB-,1,Thursday,0,0
23-05-2024,MUM-H-09,Hiranandani Hospital,Powai,400076,O+,18,Thursday,0,0
23-05-2024,MUM-H-09,Hiranandani Hospital,Powai,400076,O-,7,Thursday,0,0
23-05-2024,MUM-H-10,Bombay Hospital,Marine Lines,400020,A+,13,Thursday,0,0
23-05-2024,MUM-H-10,Bombay Hospital,Marine Lines,400020,A-,4,Thursday,0,0
23-05-2024,MUM-H-10,Bombay Hospital,Marine Lines,400020,B+,10,Thursday,0,0
23-05-2024,MUM-H-10,Bombay Hospital,Marine Lines,400020,B-,3,Thursday,0,0
23-05-2024,MUM-H-10,Bombay Hospital,Marine Lines,400020,AB+,4,Thursday,0,0
23-05-2024,MUM-H-10,Bombay Hospital,Marine Lines,400020,AB-,1,Thursday,0,0
23-05-2024,MUM-H-10,Bombay Hospital,Marine Lines,400020,O+,20,Thursday,0,0
23-05-2024,MUM-H-10,Bombay Hospital,Marine Lines,400020,O-,8,Thursday,0,0
23-05-2024,MUM-H-11,Fortis Hospital, Mulund,400078,A+,12,Thursday,0,0
23-05-2024,MUM-H-11,Fortis Hospital, Mulund,400078,A-,4,Thursday,0,0
23-05-2024,MUM-H-11,Fortis Hospital, Mulund,400078,B+,9,Thursday,0,0
23-05-2024,MUM-H-11,Fortis Hospital, Mulund,400078,B-,2,Thursday,0,0
23-05-2024,MUM-H-11,Fortis Hospital, Mulund,400078,AB+,3,Thursday,0,0
23-05-2024,MUM-H-11,Fortis Hospital, Mulund,400078,AB-,1,Thursday,0,0
23-05-2024,MUM-H-11,Fortis Hospital, Mulund,400078,O+,19,Thursday,0,0
23-05-2024,MUM-H-11,Fortis Hospital, Mulund,400078,O-,7,Thursday,0,0
23-05-2024,MUM-H-12,Global Hospital, Parel,400012,A+,14,Thursday,0,0
23-05-2024,MUM-H-12,Global Hospital, Parel,400012,A-,5,Thursday,0,0
23-05-2024,MUM-H-12,Global Hospital, Parel,400012,B+,11,Thursday,0,0
23-05-2024,MUM-H-12,Global Hospital, Parel,400012,B-,3,Thursday,0,0
23-05-2024,MUM-H-12,Global Hospital, Parel,400012,AB+,4,Thursday,0,0
23-05-2024,MUM-H-12,Global Hospital, Parel,400012,AB-,1,Thursday,0,0
23-05-2024,MUM-H-12,Global Hospital, Parel,400012,O+,22,Thursday,0,0
23-05-2024,MUM-H-12,Global Hospital, Parel,400012,O-,9,Thursday,0,0
23-05-2024,MUM-H-13,Wockhardt Hospital, Mumbai Central,400008,A+,11,Thursday,0,0
23-05-2024,MUM-H-13,Wockhardt Hospital, Mumbai Central,400008,A-,3,Thursday,0,0
23-05-2024,MUM-H-13,Wockhardt Hospital, Mumbai Central,400008,B+,8,Thursday,0,0
23-05-2024,MUM-H-13,Wockhardt Hospital, Mumbai Central,400008,B-,2,Thursday,0,0
23-05-2024,MUM-H-13,Wockhardt Hospital, Mumbai Central,400008,AB+,3,Thursday,0,0
23-05-2024,MUM-H-13,Wockhardt Hospital, Mumbai Central,400008,AB-,1,Thursday,0,0
23-05-2024,MUM-H-13,Wockhardt Hospital, Mumbai Central,400008,O+,17,Thursday,0,0
23-05-2024,MUM-H-13,Wockhardt Hospital, Mumbai Central,400008,O-,6,Thursday,0,0
23-05-2024,MUM-H-14,Sir H. N. Reliance Foundation Hospital,Girgaon,400004,A+,13,Thursday,0,0
23-05-2024,MUM-H-14,Sir H. N. Reliance Foundation Hospital,Girgaon,400004,A-,4,Thursday,0,0
23-05-2024,MUM-H-14,Sir H. N. Reliance Foundation Hospital,Girgaon,400004,B+,10,Thursday,0,0
23-05-2024,MUM-H-14,Sir H. N. Reliance Foundation Hospital,Girgaon,400004,B-,3,Thursday,0,0
23-05-2024,MUM-H-14,Sir H. N. Reliance Foundation Hospital,Girgaon,400004,AB+,4,Thursday,0,0
23-05-2024,MUM-H-14,Sir H. N. Reliance Foundation Hospital,Girgaon,400004,AB-,1,Thursday,0,0
23-05-2024,MUM-H-14,Sir H. N. Reliance Foundation Hospital,Girgaon,400004,O+,20,Thursday,0,0
23-05-2024,MUM-H-14,Sir H. N. Reliance Foundation Hospital,Girgaon,400004,O-,8,Thursday,0,0
23-05-2024,MUM-H-15,Hinduja Hospital, Mahim,400016,A+,12,Thursday,0,0
23-05-2024,MUM-H-15,Hinduja Hospital, Mahim,400016,A-,4,Thursday,0,0
23-05-2024,MUM-H-15,Hinduja Hospital, Mahim,400016,B+,9,Thursday,0,0
23-05-2024,MUM-H-15,Hinduja Hospital, Mahim,400016,B-,2,Thursday,0,0
23-05-2024,MUM-H-15,Hinduja Hospital, Mahim,400016,AB+,3,Thursday,0,0
23-05-2024,MUM-H-15,Hinduja Hospital, Mahim,400016,AB-,1,Thursday,0,0
23-05-2024,MUM-H-15,Hinduja Hospital, Mahim,400016,O+,19,Thursday,0,0
23-05-2024,MUM-H-15,Hinduja Hospital, Mahim,400016,O-,7,Thursday,0,0
04-07-2024,MUM-H-01,KEM Hospital,Parel,400012,A+,24,Thursday,1,0
04-07-2024,MUM-H-01,KEM Hospital,Parel,400012,O+,38,Thursday,1,0
04-07-2024,MUM-H-04,Sion Hospital (LTMG),Sion,400022,O-,19,Thursday,1,0
04-07-2024,MUM-H-10,Bombay Hospital,Marine Lines,400020,A+,20,Thursday,1,0
15-08-2024,MUM-H-01,KEM Hospital,Parel,400012,A+,21,Thursday,1,1
15-08-2024,MUM-H-01,KEM Hospital,Parel,400012,O+,32,Thursday,1,1
15-08-2024,MUM-H-02,Lilavati Hospital,Bandra,400050,B+,15,Thursday,1,1
15-08-2024,MUM-H-04,Sion Hospital (LTMG),Sion,400022,O+,38,Thursday,1,1
15-08-2024,MUM-H-04,Sion Hospital (LTMG),Sion,400022,O-,17,Thursday,1,1
15-08-2024,MUM-H-07,Jaslok Hospital,Pedder Road,400026,A+,17,Thursday,1,1
15-08-2024,MUM-H-11,Fortis Hospital, Mulund,400078,AB+,8,Thursday,1,1
15-08-2024,MUM-H-14,Sir H. N. Reliance Foundation Hospital,Girgaon,400004,B+,14,Thursday,1,1
15-08-2024,MUM-H-15,Hinduja Hospital, Mahim,400016,O+,26,Thursday,1,1
07-09-2024,MUM-H-01,KEM Hospital,Parel,400012,A+,23,Saturday,1,1
